id,predicted_price
2591820310,479004.34
7974200820,897609.9
7701450110,966933.75
9522300010,1.3374174e+06
9510861140,764358.94
1761300310,350848.03
7732410120,636058.9
7010701383,595594.25
291310170,422637.8
4232901990,546058.8
6840701125,730160.25
3971700580,339028.97
4202400078,417739.6
6064800090,420487.88
2626119028,282861.94
3303980660,1.1746885e+06
862000020,478702.7
2386000070,1.0136804e+06
1138000450,305359.75
1775800420,398315.25
2291401425,317484.16
2025770560,1.698564e+06
3525069037,612147.2
9324800450,645967.25
8080400136,470232.9
8651540040,457500.8
9407001790,274820.4
1773101530,183648.95
9432900250,419050.38
1794500695,489975.88
2220069003,404159.03
923000120,446918.06
5728000060,436782.53
16000200,367013.6
1926059094,597080.8
6672900220,960206.56
3629860060,943541.5
1822069109,481980.78
6675500105,363457.75
249000180,1.4557288e+06
226059065,429919.72
396100110,284183.22
9264450460,488597.16
7853361210,489488.8
9474700020,231821.52
421000455,227737.3
3755200220,318585.94
7960100075,516049.22
9477100490,297968.34
9138100350,726997.06
1624049275,330583.78
2770606890,320875.0
1157200189,544035.5
2770601800,449960.88
9301300805,421118.3
2325069032,1.4940386e+06
1021079099,384559.97
7215730040,681599.44
1853200080,508429.53
3224600340,571488.0
3222049120,543630.2
2113700025,439904.0
7893207925,254821.14
3586501085,505396.7
8024200010,385233.47
7116500705,296914.62
1598600209,443704.1
7204200025,1.2239824e+06
4206901505,508870.97
2937300440,817024.2
7205000180,503079.72
8718500665,387698.44
5318101765,691379.9
4122700020,818104.1
8078700020,511283.72
3303980680,953052.0
8924100372,1.0608135e+06
2781270210,285142.06
519000043,453884.75
3225069301,1.9743351e+06
151000075,689206.4
2297400020,383975.28
6617500085,700680.4
104510180,331724.94
3528900060,891522.4
3345100286,465846.7
1226039130,431670.25
8712100720,739848.0
3037200010,300201.3
3626039268,379025.78
104510230,336808.94
5112800060,452430.16
6072400280,628371.0
5317100570,617761.7
9528102993,580005.44
2919201095,443564.2
6181400920,302387.1
185000161,312658.5
8691400010,849088.44
3345700165,473377.75
6151800486,248273.48
4340000080,887634.3
4136960010,1.1137212e+06
3634100030,478822.7
1624059224,1.0389978e+06
2788400090,322632.1
9828200762,436157.75
7524400250,531202.06
3528000290,681441.56
5700003630,2.2638762e+06
2720069019,351751.75
7227501170,210451.69
2397101270,484757.56
6792100090,582057.2
2770602265,483851.5
3971700937,267634.8
422049203,287265.4
3076500830,364014.94
1423400260,344326.9
9161100795,404631.88
3126049052,548057.94
5100401468,394420.22
514500235,309428.9
1423200170,226899.45
1402100070,590229.1
624110020,903348.0
2407000145,266108.0
1890000225,730999.7
1320069271,453890.84
5490700085,335457.78
263000155,370149.28
3726800201,521308.44
5153200358,416431.06
2725079018,733359.3
7165700200,348696.56
9429000170,457590.3
8718500075,341234.12
1760650950,346095.44
1068000559,911519.06
4113800500,603017.44
4077800507,486270.53
2725069150,718200.06
4008400035,736180.75
7016310270,397959.16
1432701230,274888.25
3278606050,395961.53
2473350710,597047.44
2185000685,198948.17
7792000025,476824.6
6868200029,438982.06
624069003,678136.44
7431500280,796619.25
3296000040,529019.94
1118001215,1.0387689e+06
6453900040,783274.1
333100209,621451.2
34001765,706401.2
8946700100,573976.0
5561401210,744471.4
6671900095,355881.25
3275850020,577766.7
3876300600,366193.47
1450900020,303626.5
8562780280,329056.12
7663700973,368748.34
2126049032,305209.62
1823059159,192806.23
3438503426,322257.7
9297301495,545870.75
7140700850,502081.47
7942601805,736803.0
2555900030,336964.06
2887970040,436318.56
7419700010,443536.03
2239000011,309650.28
9283800050,470060.53
9407001340,303032.97
217500140,439462.5
7212660520,354891.56
3298201170,246627.69
3057000400,281166.75
6865200444,423478.72
6071600340,454054.47
6821600005,659478.7
1235100371,561305.1
7796450340,478986.38
3603000410,281379.22
9297300255,613110.0
9126100850,484822.38
2770601462,431454.06
2599001500,296678.16
1102000095,781519.8
1853080640,1.0540706e+06
9551201585,881993.94
3438500796,307792.62
7518504291,523362.72
9269200340,515418.84
715010130,1.7806404e+06
1982201485,555886.44
9526500080,457717.84
9277200180,369541.62
6669150280,392740.53
8917100153,485830.25
3760500516,1.316907e+06
2725069050,1.0753406e+06
3332000091,333716.53
8562770080,665918.9
8151601190,298088.7
8563040160,469752.1
240000269,1.6594684e+06
4307350200,351032.3
1311910300,480531.22
3574900030,437198.56
7853230570,359209.6
320069049,345194.2
9839301060,619571.44
7011201333,577416.9
2781320100,348620.47
3421069120,504030.2
7852030320,481365.3
5316101075,1.8137874e+06
5309100750,369952.8
629000730,479264.4
511700170,404616.16
1562100030,447781.8
2489200230,556551.5
524069116,443492.4
5315100737,746124.44
1868900675,870840.6
1608000120,494422.88
705700240,403335.72
7575600610,486329.88
1778500015,671254.0
5423500240,291167.94
6713700025,301087.56
2734100734,389290.7
301402280,296621.75
2113700205,332637.84
4114601570,3.0287575e+06
3332000615,361561.62
3630050180,383183.84
6852700520,435519.4
6870310010,670064.56
6163900981,318078.47
393000142,421640.88
1771100130,244598.67
1442860160,645950.2
9191200435,576197.1
6788200800,862839.94
1115300070,796833.56
3176600105,568007.8
2770604665,465003.06
5469500580,771785.4
5680000545,534016.4
3424089119,543349.56
1328300180,395665.28
1773100922,447418.06
4123830480,385221.94
9808610190,727649.0
4250200140,332018.2
4217402115,3.3840582e+06
3831250350,585254.6
2397101055,773094.9
6817850110,874228.56
7526800200,577696.06
7853370100,850314.06
2523089025,1.039006e+06
9476200680,320082.3
5714200140,524291.3
3575304895,478267.47
263000018,475052.8
8080400177,416586.44
6450304130,385296.72
514500090,421246.22
9477000300,397819.8
853600310,1.3226055e+06
1951600240,291009.34
1099900120,467990.97
5323100120,470229.2
1223089016,419945.16
522059172,317474.34
1930300190,725110.25
9542840410,391093.38
8665050530,507388.97
5592900205,461544.84
5450300010,369946.8
2459960030,360912.78
3331500455,604894.25
3432500705,389907.28
3702900165,200002.08
5249803550,451268.88
626049058,440840.06
1788900380,201884.7
8075400360,317211.5
9113200250,608494.8
2738640040,662405.7
7821200307,362242.03
3530440140,427101.4
3582700130,451790.8
9276200569,744585.9
7197800020,514047.78
686200490,407671.53
3501600100,352718.75
6383000690,442589.75
7604400150,322171.25
5249801411,656427.0
2607720420,468706.84
9561100010,365346.88
1796370590,293179.6
4077800593,299764.97
854000165,280412.2
5536100010,538092.56
4188000670,896321.25
31000165,1.0510519e+06
662350050,1.0891908e+06
4137000280,429595.7
6169901130,858722.44
1953400510,317940.06
7518506716,955933.2
1552520010,271332.44
7955080270,395526.7
9212900100,438117.44
3438500798,294586.34
7899800890,323338.78
4319200605,418378.97
1329300480,443993.56
8935100100,474617.3
5016001260,433999.47
4337600280,318358.78
1446401220,275744.9
7135521530,588179.9
6888900115,283985.7
2413301070,417665.4
345700040,303438.56
5566100145,288785.7
7634800070,381969.5
9346910500,715871.56
3529300060,410897.38
8128600060,1.2991598e+06
8572900275,227397.36
4139420590,1.2658579e+06
9274200322,643774.56
1472700200,500280.78
8820903380,422085.0
8563010130,771159.44
8965450110,677233.25
9274204230,449005.75
8165501700,388907.47
2193340260,435257.22
1860600290,830188.75
1222000055,204292.39
2492200280,517269.2
2488200455,445512.47
809001520,796094.1
1796361140,330948.53
6398000011,972400.0
6813600365,506019.5
7504100920,917672.1
8835770330,792929.6
524059322,644992.1
4307330280,371192.8
1245002952,854110.56
2021069059,290821.9
5700000595,661158.25
3629970930,658302.6
3336002215,376007.2
5100401060,524732.6
3278600750,320105.78
1126069045,1.2447426e+06
7568700175,270340.4
452001475,495914.7
9283800230,623566.06
1737300130,691505.4
6189600040,334333.03
3679400025,596706.3
1096100010,328813.44
9513900050,327926.28
5452800645,642926.06
273800100,341152.03
7228500037,397743.06
808300090,512505.5
2493200215,710213.3
5035300255,574679.44
3380900160,346774.56
3630000130,399597.5
7300400670,335452.88
6798100070,278668.88
8078400010,440145.06
5566100060,335520.2
2768200212,468498.03
4035900060,583463.75
9460000110,520235.2
7199320190,437178.53
2225039081,401800.62
9512200050,908439.56
2634500085,318113.28
3654800200,282912.16
2724079090,1.4458845e+06
2597520720,705566.3
3034200426,339154.5
984000130,320598.56
7852020670,473040.56
7923500060,573680.94
2310030510,387894.56
2205500540,349149.0
2493200015,523262.84
7853361420,465388.4
5652600605,459524.97
5285200020,447131.34
9406530150,468126.5
5706300020,370275.5
3278602490,512707.3
7197000100,467525.6
4447300008,617112.0
7899800045,324910.4
9250900095,364098.56
9268851740,583388.06
8682261440,582955.94
7284900385,828590.7
8079040300,456201.25
2225300585,355887.9
3223039013,412311.78
2013801350,329125.7
4055701110,1.0756064e+06
3578401770,419414.06
4046500720,601841.5
6145601745,384412.72
5207200195,475944.5
1972201856,496590.78
7212680080,347829.75
7277100510,595548.44
522079022,579329.1
5605000440,764233.56
6632300230,332359.12
8815400165,628820.3
6708200320,750552.56
2426059076,557982.94
3260200200,356652.0
2770601741,408820.56
4338800500,255950.94
9201000320,626323.1
7655900038,302307.88
3625059140,582276.8
4222310010,287179.62
2114700115,456616.0
3291800710,343751.84
9406590010,725204.44
3025059124,1.4858646e+06
7972601250,435414.62
930000470,821111.5
6690500060,482109.8
16000015,233525.36
5693501102,486198.84
8079040490,406940.88
7225000155,499654.34
8819900170,734687.75
7972601270,372275.56
1224069074,785486.25
5126900321,405390.84
3438501860,388699.03
2822069080,581172.5
1656600310,722359.3
3856900507,1.3973839e+06
1626069139,434753.8
2524049257,1.4960618e+06
3904960150,402360.44
7214820610,504199.03
7977201845,586324.9
2428100080,866234.75
2202500135,296137.88
1523550220,785812.7
2313900610,341339.2
4123840050,451162.25
2125059124,1.0723042e+06
1225039067,428695.4
6431500283,458325.78
2473380010,350334.0
5694501195,368607.94
2881700046,339208.8
6837820330,450229.1
2337300370,283205.44
3876540630,288704.88
626059317,368338.06
3374500520,365994.38
7228501903,348216.4
4019300051,562910.7
4232902615,453883.4
3546000090,347435.1
8127700215,742191.4
3438501100,378871.97
1769600066,700194.75
8146100610,294724.6
3052700695,477166.2
7954310210,699425.3
3761700053,1.9499799e+06
1320069179,385105.3
1331900410,772135.2
7303100210,359557.03
2464400285,419675.12
6163901150,357245.94
8955800045,622504.9
2314300200,493644.47
9528104360,334973.7
4177100005,557395.8
8856960260,332335.9
1828001220,574781.9
3066400710,765714.0
624110610,1.02018294e+06
4040800260,278967.9
5019500215,538271.8
2481630180,1.242363e+06
7203170190,482992.1
510001280,905213.2
9430110120,586323.4
1565950030,382730.12
9828202255,807776.6
3878900270,668017.94
8091600080,260801.17
1112000035,426578.28
2228900270,334619.3
6648701740,479677.0
1245003740,484345.75
2174503441,375626.16
7708250010,367723.78
6072300110,493793.66
2329800140,313470.03
1494300040,461756.56
3832050130,313076.38
7203100730,882381.7
7199330170,358117.78
7785000220,668114.06
1250201175,451315.12
4054500180,1.0535029e+06
7905200061,442550.16
3751604895,229919.89
5220300140,203073.58
3323059027,363385.12
8651611980,762741.8
8673400190,506441.16
1668500100,865865.25
1023059365,687338.9
3308030060,551827.5
4232400860,687316.44
2144800615,342270.0
1568100920,1.4859205e+06
9406510040,612142.2
2923049421,460270.12
1051000040,865121.56
2077700042,455847.66
9423800030,207782.56
9818700455,762743.9
7133300675,340303.6
4113800550,614671.94
5553300375,1.2661665e+06
2025701530,332278.8
7942601155,452711.97
7524300020,386470.72
2520069100,373713.1
5412300410,291370.3
7504110760,882296.9
2594200350,402934.16
2722059013,327624.9
8078430480,388777.12
1423069162,529707.3
8856001090,206396.52
7000100631,491328.12
4222200280,301379.56
7971300050,481289.72
2009001600,342575.3
6619910140,568504.4
2877100985,492082.34
1196000007,461676.97
1330850130,774679.4
6664900410,392462.4
1231001110,316719.97
9235900030,318778.4
9407101840,347697.84
9523103001,359832.84
2149800278,810127.56
7234601198,650278.2
9476700035,457311.72
9297301065,752177.25
518500700,1.00232594e+06
7843500090,433227.66
6056110780,353268.16
2345700260,476475.78
3509600070,281508.5
1431700280,449532.0
1623049174,341208.6
3024089049,583278.7
7853340450,427492.44
7732410360,768436.9
1446800995,383246.25
2946000285,294774.38
425079100,512952.6
3876313040,434744.8
1762600260,894910.75
1925069121,1.1040044e+06
7443000480,911741.06
7820000015,303027.3
4027701253,453316.78
2826049165,310944.97
5426300060,503073.3
1278000210,234440.58
923000270,339674.75
7657600005,266728.75
3024079057,325142.88
3276180020,392547.28
7304300760,245479.66
3908100020,479899.6
8835400805,682225.0
4051150070,379498.88
3904930530,437385.66
6163900971,395815.88
7942600310,422873.72
4365700330,251413.27
423059207,364833.12
3992700265,253888.16
7177300090,444967.4
2540820010,549317.5
5700002510,854390.8
5201000030,524477.44
7631800015,2.8499718e+06
2922702965,649521.3
1525059198,851774.06
1245003160,521150.0
3810000455,396696.75
7855600080,495446.06
5701500030,1.0053142e+06
7504020400,664712.56
1402600570,437668.22
7575610760,411444.9
8731990370,690957.94
5021900090,512613.06
290000075,438305.62
2841500010,537511.75
3955900830,407400.06
7852110140,469076.1
1311400350,390162.44
7773800015,590689.8
4123400320,414638.88
2725069157,788275.3
666000143,676782.94
5101408678,420382.03
6371000026,367575.47
2024059084,563737.94
7283900036,343696.3
8881900230,562197.94
3959400135,475345.34
7696610270,333537.16
1689400150,715060.8
5103900015,429012.56
1441000350,728775.8
5101408735,413963.03
3126059027,1.479272e+06
2320069014,612319.06
9541600015,452006.6
8682320420,722456.4
1562200090,539107.75
3395070980,691731.8
7349600230,301894.88
522049122,281283.4
869700060,372806.8
811000055,906684.4
1221059176,431109.0
1523059103,608952.0
2025760210,1.1677209e+06
9218400088,349273.16
8682292020,498920.34
2623089135,475410.34
3758900259,976247.44
524069049,489964.03
3121500150,781987.44
5581400080,629942.6
8087800020,314891.3
4070700290,603393.9
3296000170,492766.9
9238500040,603087.0
2744600040,283738.1
6813600380,513448.56
6140100150,408783.66
2201500555,341085.38
2600110250,567283.2
4337000275,187656.2
1186000150,643540.44
1972201963,467538.9
1105000745,307062.44
2887700560,615754.06
4039700080,592833.8
522049104,389753.22
4202400078,417739.6
7520000695,225269.55
7714000310,538172.6
4319200060,485535.38
8624700015,632868.06
5104520610,325097.7
2354300845,303948.6
3824100291,563761.8
6151800612,280608.28
5454200080,801440.8
6413600290,407581.97
2131200065,274627.53
1459920010,397077.1
50300090,547258.5
2326300090,520278.0
7714000070,530867.6
3630180500,1.03373125e+06
1727850340,842460.75
8691430330,1.1962822e+06
2310030390,401213.06
5561400610,722042.56
7010701016,543159.9
7883605915,364160.97
1282300995,364794.66
4040700310,366810.78
3353400435,284269.88
2143701015,642873.8
255450020,442411.78
1020069017,311846.62
4038200120,408191.06
9284801100,292706.88
1965200075,368449.7
847100047,513963.28
4038700720,350713.78
6815100085,793980.6
2508000020,202041.83
255520180,1.0111814e+06
6822100750,455462.7
869700050,425013.94
1775801405,464005.56
6600400090,305986.7
7202330270,346951.8
1683400165,974213.9
2625069070,959908.1
7625702440,477420.88
3388000640,302439.06
1899400365,244055.64
6899990200,1.1211924e+06
5569700020,1.02569656e+06
986000045,390938.5
3293700221,307204.72
3764800250,275182.1
2291400566,334367.12
4219401236,1.2943838e+06
4239400840,238576.25
7211400990,325060.7
7696500280,329611.7
7215721070,456504.12
3204850140,473431.0
4322200220,779730.25
2566300100,659083.2
1944900090,301148.97
6648500390,481930.84
7385300020,644174.4
1704900135,432996.16
2877100655,748946.44
2726079098,582933.3
7625703800,363869.38
318300040,883273.7
7922800190,414344.9
2023049361,328249.22
8946400210,428828.47
6071600450,500955.78
4343800100,327705.97
1443300140,452921.34
1024039001,607622.44
2767704860,458623.94
7234600851,643559.6
644200065,597111.6
7784400035,729144.75
3826000560,318270.34
9272202260,574190.0
263000253,485217.4
3621059043,732026.2
240000130,726569.5
1352300120,367512.47
7849200861,243272.06
2487700130,422746.97
1796100140,343406.22
7234601221,462405.47
8651710190,491074.94
2916200091,471895.53
1232000915,415538.0
1545801970,419621.9
3211200420,282651.53
7686204675,241716.2
3141600210,229778.7
3959401284,654086.25
2113700825,368603.06
3876000710,334897.12
522069022,558591.2
3214200070,385830.28
1221039156,517878.6
259600790,305701.0
785000040,373362.62
8138870470,452026.6
2596300035,343241.8
540100057,1.03703406e+06
3073500045,572667.9
5363200266,357225.16
8682261650,497921.1
3224510080,790500.0
3211270160,614463.56
9269200520,193288.66
293810190,439410.97
4197400043,477111.22
3026079031,312837.7
5332200405,855088.75
2473411210,461366.88
9268200315,476503.16
8123500050,503615.3
3221069091,532258.6
2485000165,545264.4
4058800215,1.133724e+06
1926059039,839889.25
2533300680,832699.94
3343903640,421845.1
5700003705,1.1038144e+06
2023049372,802164.3
4058800830,931635.0
3333002302,455002.66
2944500340,424527.22
1982200790,448366.72
8929000270,525337.8
8122101440,273428.25
7525530470,729545.3
9332800020,551480.6
3878900525,425132.4
5420300210,303921.6
9232900165,311163.88
6414100026,333923.94
3013300660,907935.5
7954300120,566736.6
1081200360,404694.38
2877102345,515588.3
2202500255,310262.34
7984400050,310260.16
9558020380,612116.94
7812801850,288030.06
8944460020,532499.9
2306400040,498863.2
8649400410,372787.7
7889602020,352511.0
2041000025,379113.03
871001484,515415.94
2767602141,520514.8
3630180470,830763.1
2769602140,433402.97
2473250280,400115.12
5422560660,421186.38
3756600240,269388.28
8651600160,559574.06
7202300540,888242.4
8961950250,747588.4
3303000130,449678.03
798000062,293325.7
1695900150,790707.44
1604730150,489208.66
4136930310,525888.3
8835401250,1.3401032e+06
8665900328,375851.12
9262800255,387305.16
1853080570,715774.94
5556300114,900031.25
9517200290,402796.53
4037200295,341040.6
7417100123,392683.1
2620069077,296680.28
7922720040,578979.9
558100090,517130.38
257000037,310926.06
3319500385,505458.88
9297301520,353247.7
3580900090,275349.1
1321039076,202026.2
7227801581,261732.45
9407001620,291674.16
2130400150,299519.8
2312400200,362144.03
4046700210,306598.72
1193000480,872601.75
1492800296,463590.66
3013300017,377204.7
3630240140,774611.9
1049010390,398988.53
9320900420,236223.45
4315700060,386978.5
2591010290,334373.56
323089085,606654.25
6600400270,269475.12
2919701105,453093.62
7202360670,746130.25
8927600100,624537.94
3211700045,560275.75
4027701326,530327.4
1601600195,284731.75
7853280350,1.2252775e+06
3629970130,660426.3
7203120020,653001.56
9542900190,319382.56
8035350120,558133.2
1238501184,852489.94
251200240,415999.34
8945300200,237572.83
2162000160,1.0351361e+06
5466310060,330842.3
1239400064,606560.4
5205000020,517727.3
1720800305,626758.7
7280300375,631461.94
2095800400,435341.8
7852010950,472235.25
1428001160,557178.1
9528104910,551401.06
8644210470,1.2533432e+06
7923300310,347346.9
254000100,856047.4
1931300688,437948.1
7007700030,387061.53
422049178,253533.22
422069067,482983.53
2923049393,488654.97
930000305,422807.84
2461900448,583418.6
2610100020,265583.4
2895550050,342634.1
7701700040,327338.1
2460900020,591834.44
9827700105,723483.8
1005000240,346490.53
7200001254,456789.53
866400040,463997.28
305000170,566867.4
2260800110,752612.1
3442000127,702888.7
5253300437,367059.62
7576700150,891785.4
5469501410,1.0816916e+06
5104531120,1.4426822e+06
723049434,307883.03
622069006,1.6251445e+06
2517101200,348991.12
8159620160,313298.75
5561300640,461114.3
3317010130,292460.78
4364200250,303268.5
8732300060,604009.7
5603700025,749666.94
3585900190,1.5983409e+06
3996900575,214188.72
8731801260,365058.62
3810000860,490786.72
5700003585,2.1118978e+06
6332000050,405608.34
9286100250,427716.2
9471201110,741224.6
9290800050,942620.2
7300200400,586031.5
526069024,1.02429175e+06
1454600156,1.4016191e+06
3904980360,398042.88
2626119062,309225.34
8651730290,367136.75
7611200195,684309.3
1919800260,674467.4
6632900354,225809.12
3972900195,293312.88
5151600170,621894.5
7016000440,476675.1
871000435,669489.75
9578060540,461996.8
2332700060,750223.25
766000240,371580.3
4363700200,257391.4
7100000250,312570.78
2781250560,281333.62
2781250100,432896.28
5419800220,344203.47
7147600245,329953.44
2926069083,952137.3
6189200125,529995.06
9542830160,350257.75
5152200020,497358.1
9412900045,588840.75
6600410480,190041.34
6979970080,742108.0
5636010280,325408.62
1732801300,652481.5
5561401530,692006.1
9578500510,476995.9
7304300906,266569.53
1223089077,615136.0
721049207,384313.1
8691330310,1.02445025e+06
1523069204,425595.8
3188100105,463743.5
6608500290,307191.9
2891400410,366970.1
7663700551,262140.1
5413200140,278455.6
425069139,706129.44
6713700155,330173.6
2767603505,416343.4
7789000080,263854.56
9211500620,366553.84
3750604417,283090.2
7922800320,477924.47
1471620240,398477.97
2222059052,429325.6
9551200270,1.065565e+06
2767603160,487915.53
9406710060,453843.88
8929000250,406088.88
5538300120,406611.1
2223069120,500295.28
1652500060,1.5249836e+06
8564500240,331813.34
3629700120,678124.5
3943600070,437646.56
4171200025,355725.1
2425049063,2.8221468e+06
9828701650,324334.97
3581000340,307134.78
8100900015,432226.3
2125059161,1.2950024e+06
304000380,275662.28
8146200070,1.0707022e+06
686530170,481633.34
2917200645,504059.25
9547200530,862008.5
2122059199,847280.44
1150000740,675459.2
5706200060,310250.97
9265410010,314083.97
4083800555,482593.8
6152900332,331943.56
2520900301,316931.25
9828200790,381188.4
1657530180,326362.94
7471900045,341896.1
9828200460,393011.2
1775900140,451230.6
6139800430,485466.72
7214400005,452908.0
5332200026,459775.12
9510970300,677797.4
2540830020,365687.47
3392100140,216737.03
1326069191,327626.22
2125059112,947468.94
859000022,465144.56
8854100350,710362.75
121059007,243363.22
7977201707,545312.44
3859900060,3.0585232e+06
8815400735,717659.8
705700530,390332.4
6600780130,504184.78
6378500105,410785.84
8143000310,433774.12
2877102330,507932.28
3526039074,449548.1
2115510300,394653.44
3024059014,2.0806258e+06
2141330360,470757.6
546000400,472268.4
2071500011,434243.66
7972000240,309166.56
7016200460,472743.62
6204200180,353305.4
1552100135,690986.6
88000173,467564.34
2581900235,733559.06
9211500560,375093.03
621069218,486655.72
1321970240,446730.28
798000630,385435.22
421000285,266659.47
2824600180,823778.75
3832051140,415615.44
1237500105,495985.28
8802400906,341215.12
3166900270,528230.4
3682000060,700735.4
5469700020,372946.12
1245001820,399683.38
9547205660,570743.7
7974700122,632211.56
7550801225,507115.8
1099950050,1.0850436e+06
1402900460,483981.94
7636800041,1.9030695e+06
2115720270,609900.5
8651441750,255713.22
3904100035,334727.56
8815400020,540448.0
3303860590,603016.9
5427110040,546132.94
1782000160,350267.78
6204420290,594937.8
3995700245,268876.03
7955040130,348864.38
1442880650,498748.72
8833510230,1.1592238e+06
7283900551,574573.94
4396000180,279157.1
7504021310,734578.6
322059264,398714.62
3654800040,287971.62
2767704777,464445.25
3278602190,450656.66
3236500220,351521.9
3410600100,377094.03
629410180,618565.94
3352402250,301669.75
4363700304,318813.7
7237550130,1.4284881e+06
9808590210,1.3190619e+06
8074200175,280639.53
3463400330,512240.6
6306400140,639167.2
8564950250,466868.0
5381000070,300505.03
9826700697,474166.22
8132700190,429339.1
7943000020,295220.78
9547204675,630471.3
4112100101,540296.1
727500030,296133.38
114101426,343932.22
9274202005,715049.2
1193000380,789597.1
3039000020,370999.3
7852170130,746145.75
2624079010,577270.8
4137010540,433193.2
7576200012,918324.8
1138020020,326329.28
3969300030,231222.03
898000200,287783.47
5153100030,338696.66
5104532030,699374.2
4406000050,251897.84
9274203390,678475.0
8682290360,464882.44
6928600330,386407.97
4139680070,813572.4
6844702690,412224.75
2154970020,2.1242972e+06
4385701285,1.043166e+06
2426059071,576042.2
2867300160,887212.2
9512500720,383212.62
1773101020,346549.84
8687800100,391416.03
3627800050,1.6788221e+06
1604600227,302737.62
3300701170,341458.1
9250900111,439193.3
7015200790,468744.16
1311100490,340369.03
2469000010,767968.3
1982201596,477910.7
1862700290,606650.2
2586800270,231722.03
9528102772,487949.34
5490210200,320216.28
6669080020,412278.56
179003055,225541.98
1860600535,796614.06
1592000130,593736.7
3905040170,396553.4
9320500080,342505.28
9276200850,512728.53
224069114,552571.1
2260000340,547752.6
5096300130,469489.84
3432500215,364687.28
2600000050,786372.8
8856003839,272152.44
2492200435,501608.75
7855900110,1.1149039e+06
6806100250,368655.12
2770603523,445242.5
1370800515,1.8003114e+06
2726049150,347495.8
1226059161,512311.88
1068000375,3.2003185e+06
9528104109,351116.16
5126310060,520534.6
1951820070,527562.2
1545805980,465195.28
9464700340,935134.25
4319200675,896314.1
7518500885,569859.4
7852020620,422344.34
869700370,428873.97
8643000190,448158.38
8902000267,343694.75
7972602435,293904.44
2050100210,991600.3
6705120540,476070.72
2767601390,476926.25
4141000490,1.094754e+06
9345400350,820636.0
3222079162,365605.62
7789000120,263394.88
6646200770,609678.0
6666800180,642498.56
1725800280,593354.5
6117500460,1.306347e+06
5470100220,303780.3
5457300478,426026.53
7550800195,566206.25
7787050180,678902.7
6204430250,623125.1
7640400250,468734.1
624110920,806381.44
3629920140,359567.88
7173700518,502432.72
3210200395,266514.94
2473480560,595125.56
2623089141,488371.94
1423800080,285809.8
2076400050,305206.12
3832060120,338160.9
7702600930,595063.4
5101404555,365344.16
3723800415,427212.75
3356403400,289704.25
9214400125,383441.3
1797500530,540430.0
9551201660,796737.3
3878900815,533206.3
1760650280,369219.97
5466410030,297123.62
6388930620,646239.0
2331300395,667459.1
9412700160,375431.1
871001611,458408.6
3142600120,613316.8
3995700220,324195.38
2310000280,326836.84
8039900400,442668.5
7504021510,725472.0
1959700445,1.6357991e+06
1556200155,546969.56
3629960590,372111.03
259000240,425272.72
662440020,575156.06
3123049142,661524.8
321100260,692382.1
6840701095,595527.0
3738900165,404258.06
4427100130,342888.22
9238500100,481431.16
6145601810,407331.47
2570300090,291331.06
4017600010,571843.56
1005000220,490180.06
1257202120,515002.3
9527000490,417046.75
8691400080,739214.1
1726069084,486848.22
248000240,271845.1
6113400046,459443.78
2130702350,344620.9
920069052,301386.88
6071300160,510846.75
1623049041,150835.38
9268200285,447010.2
1843100520,533798.1
2887700826,656310.4
9122000385,644383.2
9475700220,401448.0
2804600005,736665.6
2896400300,326886.7
5015000180,500840.3
3630220180,949127.8
8832900780,579028.1
1568100300,483364.4
8718500610,382527.9
4147200140,903616.56
1973700030,771090.44
8862000075,228671.14
9320990110,332120.44
1151100035,398573.9
2011000010,293623.9
1651500060,584784.4
446000190,535467.2
2344300220,669143.4
523049195,285563.56
9191200015,649733.56
7942601410,792563.1
7137800300,261997.7
7853300280,414767.94
6654700240,412429.88
569000050,481688.25
3584000180,315160.97
2026079055,375066.44
8898700880,380298.4
5075400150,549116.6
8731981360,578615.3
4222500020,318706.25
7996720050,738405.5
4077800094,522830.88
6446200365,542829.56
2824089053,472646.72
1311800220,297373.72
3522049063,899931.25
1721801280,329358.5
6131600240,225469.86
7202310040,489060.6
1123059125,623617.4
646910160,307124.66
5630500005,378330.47
3342100785,391221.88
9547205610,627032.56
1773100123,328916.72
3353400092,459844.4
217500015,342652.0
3649100031,371866.16
7896300150,380010.53
623049185,278015.16
1773100430,435393.97
1781500220,751361.94
3395380200,286301.72
2424059170,3.8195068e+06
4389200765,1.0192192e+06
1543000060,651934.44
6154900005,463210.6
2902200240,416285.1
1442880640,532495.06
8562770490,539069.1
2768300655,479449.34
3432501315,299655.53
5035300570,741140.06
3626039028,398271.5
3876540780,325949.66
327000100,821632.2
7551300065,444628.16
1312920060,293573.7
2215901230,312125.53
6306800010,561832.44
2767700022,394742.53
5589900610,400379.53
4320200020,636035.44
5249804655,620523.06
9238500480,515702.03
3885806565,725213.7
7905200205,401924.78
5727500102,328911.44
3585220070,294454.0
2078500210,563955.75
1839920050,305065.06
534000080,250798.97
856000255,418359.34
4141010110,1.4363876e+06
9558040820,1.156669e+06
7768700315,726823.2
2796100640,372407.16
1922059010,348765.84
3448000542,297867.53
3883100220,393171.7
7237301210,355302.16
3893100456,1.034163e+06
9578501110,494721.06
6145601995,432414.62
4024100120,325787.1
8899000050,482301.44
3396820010,534868.5
6749700117,435313.25
1954400060,362556.97
3303970100,662870.25
2540850070,341071.47
3797000745,520520.0
7883603700,351960.72
3438501452,346057.8
3530210260,719028.94
3598600049,233465.03
731500170,612261.9
7129304375,203809.17
263000006,479225.1
7212660560,461278.2
1112700010,332041.8
3420069060,780307.25
2473000470,603595.44
8691390980,734221.8
6184700100,359790.3
4476400275,386622.12
2968801240,267960.88
1529300160,387811.62
7640400070,614862.25
7016100380,427695.56
2172000890,482707.9
4035900015,636642.7
9528104660,1.00374406e+06
507100005,414590.38
2783100160,398779.4
3629921140,858052.0
1099750610,358785.47
1330300451,809099.06
2757000030,692783.2
2114700190,543040.94
2050000020,1.3309134e+06
3832500790,410248.8
2612000390,439176.5
1483300430,413958.0
8899200720,378635.06
9183700470,537107.1
3530490031,376846.06
7857001225,465595.9
7920100083,254282.42
2254501620,469767.3
3303000130,449678.03
3876200070,335889.5
369000365,297086.72
3052700385,619596.75
7856550240,688162.2
7300410110,525950.06
7201800300,337494.0
1695900060,611858.8
9429500146,906188.44
3629910240,668053.9
8805400090,253489.66
1022069050,246405.73
1138010530,303496.34
7877400266,162414.27
7974200452,910272.44
2126049265,440642.97
9547204350,690161.9
5560000680,212958.27
3793500550,280384.03
4217401195,757529.7
1826049408,368384.0
3905100210,441105.2
7695370160,814221.3
3210400060,336854.16
6146600170,215958.14
2767601750,439183.53
1773100926,467864.4
5700002125,619543.0
1951100100,306879.34
1402200340,400440.4
8044200200,323945.47
66000070,255745.66
5083100065,234419.02
4027701284,376083.3
5693501100,505152.12
3600072,629678.7
8078550250,488520.06
1922059046,349381.1
2902200016,547486.06
9183700845,184053.84
3333001997,319608.0
1432400525,250225.34
2824059128,457810.25
6453550090,781675.2
6202600070,1.1491954e+06
7524100280,288799.06
3524039224,924633.7
5739601300,321390.03
2473000410,543415.6
421059018,318663.25
4232901120,576353.6
5559600140,293531.44
3797310150,302362.03
7986400265,655763.25
3025300095,2.174651e+06
7524950830,413277.03
9407100730,275107.2
3812400854,452092.84
6002400030,397281.25
2212200090,336677.94
7202330610,370210.38
7300400170,407908.16
8965000110,393881.0
3996900125,274612.16
2221000100,362139.38
1524079088,291479.34
1133000036,401321.47
1868901190,635210.3
4037200530,312601.4
2095500120,443246.34
1995200338,854416.2
8820902350,734792.44
7459810210,539572.75
9536600010,625384.3
8085400586,916635.9
7518503065,296157.0
8682320350,637744.56
3179100790,544639.8
9828702666,374265.53
6713700250,484845.7
2141330700,599816.56
7519001990,356930.1
3223069019,364094.03
7994700030,347752.03
2592300450,409105.03
2792000010,551674.1
173000025,494623.3
7203150330,441855.03
3305100210,763885.3
2581300055,1.2935484e+06
6613000750,1.2144448e+06
7015200685,642261.3
1323089184,426179.6
3793500510,432489.7
2225079030,300742.94
3578400710,390925.34
8100000090,356838.7
2095500040,417303.9
8682281710,624357.44
6163901380,245156.36
6918720080,433367.0
6914700130,410938.6
1205000215,412863.4
3800008,346141.47
6150200180,320071.94
1223089066,914947.1
7768800290,840519.7
9285800330,1.0543402e+06
1974300020,481462.12
7628700050,950830.0
9376301800,689645.9
8651430220,178383.52
629810350,769795.1
5016002180,832084.5
9558010230,452947.9
8732000390,274550.47
7899800586,425409.53
5249802460,483253.38
1446300020,539500.2
7785380150,536467.06
1245500950,400676.56
3362400640,661321.4
7578200310,912689.3
4137020910,413484.9
11520640,735615.56
7972601995,338825.97
8122100160,420705.66
9456200450,337988.56
1328320760,409342.6
4025300285,298746.56
2721600125,901352.6
1123049027,281771.88
3542300060,201310.73
291310340,648301.2
8651720420,379092.84
3298200790,251433.62
4037200585,309339.53
1329000090,1.4457849e+06
9279700013,1.1134955e+06
4151800265,262852.53
7760400210,279621.25
5029450110,327726.7
9492500160,683675.5
3578400270,388730.72
7606200090,255154.97
3682000050,524178.88
1250200415,335602.12
629811600,580568.6
1839500115,439462.38
1176001293,1.4455035e+06
3013300409,476258.34
7853280370,1.3466902e+06
3275780030,540131.6
3336001946,368083.6
5456000110,522872.8
2473250400,372824.3
5393601635,493040.16
8820902905,264195.34
1245001659,561114.5
1523069215,373994.1
930000234,397584.25
4083301645,649041.6
4055700778,500386.6
2781230080,554803.0
3629910210,633403.1
7856700060,679871.0
7589700055,402135.22
3888100043,230241.2
6381501636,302472.3
3303951150,459296.97
8638500170,349649.66
5635100050,739165.2
8820901792,839363.3
5456000025,1.1548632e+06
985001275,196015.86
9560500105,615699.7
1421069117,295079.4
4154300296,421589.2
795000620,147746.06
9828702335,452478.53
1250202145,1.0741098e+06
1163400070,324119.72
5652600065,455423.6
1042700050,761363.2
8899210320,385990.56
1651800030,1.4113479e+06
2919201365,945176.4
4365200895,274679.38
6841700100,1.0145037e+06
7376300060,327366.1
7852090180,540906.0
9222400565,571196.44
9542400075,950388.06
7338000150,292624.53
4322500110,637880.3
7694200070,455008.66
9321010130,401825.28
3204300455,1.3715922e+06
6706000040,367979.53
1565930130,839883.56
3279000420,289015.84
194000575,513772.8
2115510160,403433.94
7522500005,491966.66
3787000140,412068.62
7852110690,607569.3
5469700260,510757.78
8691410730,647944.75
114100763,225601.14
1257202430,892175.94
7000100635,221433.92
1900000195,211149.11
251500330,1.4424436e+06
7701960210,861738.8
4037000065,324904.06
522059299,321118.62
6072300800,678523.56
6821102358,480553.38
5029450200,355219.62
8860310240,593198.25
826000295,363736.0
9417400110,416313.34
3959400345,909180.94
8899000430,461664.44
7527200030,821327.4
8562720410,1.6465504e+06
1432400335,235937.94
6699940320,492425.84
2525059172,595115.56
7548301044,438783.06
2141300420,992753.25
5100401414,347649.47
7346600092,298008.4
6852700478,475460.03
87000213,314617.28
5416500260,366877.7
322059097,291472.75
7229900005,380886.4
7116000350,170272.39
3739500096,295342.12
6744700900,1.1069925e+06
1959700550,891842.75
5589300435,372740.78
1775920350,281574.75
3750607974,422959.47
5318100935,633567.3
1442700430,690513.94
9346700030,673823.75
1841500050,570968.6
7278100665,434747.84
8635750980,515799.53
6909700340,713603.06
7011201475,620119.44
9348500220,613103.3
3876313170,390042.53
2195700050,915005.6
3760100200,339481.12
3396800120,524729.75
3750603685,340223.1
9828702310,500298.6
8656300380,297267.47
1438000170,622065.75
2423069164,454436.12
2112700845,379788.0
7635801370,504041.34
8572900135,489899.6
7504010590,912404.4
6821100125,345596.97
4310702775,319699.0
2591010180,416067.06
9828700235,625023.9
9376301180,408039.12
1646502355,1.02545694e+06
1498301672,434273.94
7715600070,301801.75
7283900045,448612.25
522069119,559754.6
5200100125,628145.06
826069184,483770.88
3271300155,679666.06
4444800045,479057.28
8682291050,715678.8
2770605420,510435.25
1556200205,621579.9
269000970,1.1124871e+06
9264900880,438023.84
2323059074,203354.73
1224059053,935013.8
3755500065,311436.47
2571900430,557712.1
3705000070,457042.8
824069173,499099.84
1735800050,289938.9
3025059089,748810.8
6132600655,844711.44
1068000255,1.7960229e+06
3052700921,729458.44
3024089057,258155.98
7390400026,462704.6
1787600224,349165.53
2923049372,435031.3
7015201015,1.0624601e+06
7701990040,1.058143e+06
1925059194,769399.4
301401370,418133.8
1931300955,347431.9
2395710070,465940.97
2591820070,538301.0
7883604065,322271.2
808300200,529694.0
1421069159,630557.3
8562780540,315984.25
2787720300,425356.44
2349300069,293755.34
739000035,226514.95
2397101460,387702.97
7625702437,393530.25
5101406441,452979.56
3323500010,764136.94
225039082,769173.3
8078100260,414947.06
4139480200,1.4364746e+06
7436300160,564021.8
822039004,655310.25
8651442910,437947.78
1370803510,625210.7
3342100569,710884.6
1310430400,701757.0
104540820,310975.97
4305500030,732653.7
993000090,691176.8
8044050040,429535.7
5707500050,724962.9
6306800080,424991.66
9206700190,802030.0
8732040090,481051.06
3037200045,422501.7
438000025,556434.0
239000115,395670.06
8929000230,522550.75
7135520610,1.0797655e+06
5561300340,472810.6
9530100085,709037.3
6613000140,1.2794999e+06
8835210130,357394.1
3782400190,325712.97
379000051,398236.88
3869900150,272176.2
4322200050,537039.5
8961980290,622558.0
2558670110,376865.72
1124000010,336639.75
3869900138,512473.88
7853300720,435296.38
251300110,411299.8
3904100041,318347.78
7701990300,805345.8
8682231190,527529.3
7888200240,357542.97
2025700730,338409.62
3066410800,735657.5
7576200040,692158.9
2526069095,792474.0
2781270530,297646.62
3763300005,415902.1
1523049083,247611.89
923049468,283600.1
3303700221,550352.0
1502400140,300580.62
2880100160,1.0780416e+06
4083304535,764503.94
8820902549,524752.9
4139400060,751870.25
1222069094,339674.4
9367200205,438089.78
2734100736,413829.78
3856904580,598986.06
3812400789,345177.75
3303980090,1.0486066e+06
1314300018,339413.12
9522400350,492649.8
7524350080,457069.44
9406520260,330621.6
3278602040,476504.7
7696620100,335034.16
3751600635,417033.9
6365900065,377092.12
8732800100,333436.0
3876540410,330338.28
7349660050,354054.75
1036700220,896496.44
5417600200,274428.53
8732020310,467440.12
6844703240,957143.25
923059206,481844.66
4038700220,485971.5
2597520900,713857.7
7203230040,899253.56
8820903560,243362.69
424069112,618335.0
6056100102,715202.06
1823069155,481263.97
9412400220,2.9291732e+06
6851700381,1.0628209e+06
13001215,467390.47
3630180340,640548.7
6746701090,454593.5
3832050760,328493.8
369000690,381064.84
6071900130,584601.6
7266200085,682391.2
1473120390,615785.44
9523100458,547709.06
4345000510,287771.8
6600220090,316408.44
8079040320,384178.66
1357900060,322499.7
3996900295,295998.1
1442700250,615154.3
5021900175,437335.72
4365700130,328939.88
3876100320,518380.06
2124069103,287166.6
6700400140,301848.2
7852090810,471125.94
1454600038,968868.5
4137000250,452994.97
9826700726,574928.2
6716700325,499176.78
8562750300,464599.44
9315600050,1.4699575e+06
2790410250,818802.94
7732410130,647479.25
1387301730,310798.84
1568100220,304502.97
3975400085,901081.0
339600110,357675.94
7888400500,335107.2
1842390130,621508.75
7595700025,276307.3
2158900140,813579.56
6151800070,478870.1
9294300515,485855.06
1250202660,932876.8
9106000005,977860.6
5035300085,573278.06
8898700440,389238.56
723049197,222124.5
2019200220,335472.03
2926049408,599725.3
4233600190,1.121881e+06
9268851860,475609.16
5458800620,460339.22
424069096,431002.38
8150100265,247639.45
2742100085,388984.66
8045600130,391873.22
8039900086,262862.4
4131500190,584865.1
1370802650,596435.75
821049149,360630.3
5104520460,469312.28
5466750140,331858.2
1703900155,321116.56
8658303065,272307.62
3298720030,411945.78
1839900080,415247.84
1561600025,526611.94
6064800410,427115.6
621069102,265599.16
7853360620,306727.56
9385200045,691491.1
7214770020,617931.75
5412300100,347422.34
2025701360,337968.6
7334602070,339192.1
8029200190,261905.47
2622049052,749736.2
3126049261,234695.8
4443800705,429747.72
2473420100,322273.78
7922710520,506118.75
3336001911,495222.53
3797000300,463646.84
5406500480,570538.0
6706600090,386860.47
1518000230,513818.7
1250202990,883241.4
6441800060,800898.75
2141500070,349759.62
9407101900,291302.1
5451300117,2.1675362e+06
326069132,457011.62
7153400100,332115.47
3083000910,550593.9
3021059304,473095.53
2597530650,596877.9
3972900215,335859.78
2473420070,373827.7
6115400008,477723.84
8682220230,746470.06
642150080,619004.75
3775300030,303480.7
5418200340,559011.9
2424059119,1.2404209e+06
7899800476,342445.22
8598200070,307422.25
2421059125,698899.75
9528102771,495010.25
7522500020,536366.25
7202340720,423732.8
3286800260,664401.2
1121059105,653106.2
7504030220,769019.6
4045100190,1.6352642e+06
9406530090,455873.16
7138000260,390006.75
2600010390,625270.5
2917200365,381863.66
2191600780,302436.56
7784000180,510991.4
6149700194,409171.44
8082400136,715461.9
7202340930,454727.06
1972200556,568171.8
2767604170,450174.94
3271301175,491183.75
3223059303,584286.06
7598100735,895294.8
3348401490,415410.72
1545803390,289572.8
2296700050,526206.94
3626500045,430594.88
1596600060,280248.78
3616600250,1.4835536e+06
8078560140,349270.56
1796360350,346105.34
2770601763,533334.5
3223069118,619415.0
2473372040,427452.28
3575302759,336270.22
5706200170,456297.25
1774000030,417741.94
2224700136,301516.1
1250200418,356665.12
5416500840,462289.5
7335400345,216386.25
3776300010,920651.0
8857320130,582973.5
424069206,744780.9
3592500985,770406.0
9828701295,288793.2
2621750340,452934.7
7334401000,254801.06
3286800110,737964.56
1722069097,497444.75
3574770030,464346.22
1336300610,1.1724709e+06
7230900100,445284.47
6141100320,383390.03
2767602356,808544.94
476000017,449607.94
2558600100,377171.0
3500100015,258794.52
4074300150,301606.1
8907500070,2.548628e+06
4388000260,262216.8
2475900850,213213.7
7852010900,444369.9
318500300,573359.7
9200000050,186411.81
1026069106,443477.16
205000120,559897.9
2616800600,958586.6
921049141,797586.4
2023069059,782563.25
7229900145,480350.5
4376800010,455401.94
4389201095,1.529951e+06
826069127,491590.66
2310000250,365989.8
4058801225,428316.16
6600220550,426742.75
3585300194,1.7610768e+06
2594200375,367869.4
1102000514,785743.5
1862400471,502793.9
6928000440,308146.34
9578060470,423495.88
8732020670,419891.16
1823069088,299675.12
8712100350,1.1251209e+06
3420069055,337139.47
4229900140,218510.77
8682280490,425702.88
3830630310,273930.3
5100400251,284816.53
1737100830,458889.44
1630700276,446475.06
6326000205,488183.7
3426049284,2.654494e+06
3814900260,620061.2
7403200050,2.4106388e+06
1725059252,522279.78
8899200570,426499.5
4137000700,383068.53
1115300270,943282.25
3904920380,480567.16
2695600195,564606.3
9542100135,712414.8
1552510160,338823.53
1823059241,1.02501894e+06
2193320450,520144.28
1122069006,542061.7
7853340330,423195.34
1954420380,450015.06
7299600530,374291.75
1760650670,367186.22
6819100080,589728.44
2767704649,453612.28
2424059035,980981.25
1566100400,255902.38
5255690060,573839.75
8860500130,661363.5
7349650120,474399.2
3291800670,501331.0
3764650010,492443.03
5416500950,597453.1
7973202712,207764.6
3291800120,306117.12
9211500620,366553.84
8643200020,454402.16
9197100101,233087.97
3531900060,308824.25
8842400071,457915.22
6844701680,476851.88
6413600285,463451.75
5196410260,814136.9
824069121,543063.44
3876313120,373179.12
269000030,754192.25
1560930070,1.3689744e+06
4435000705,237465.14
9542400025,710125.56
2470200020,1.2731414e+06
7519000580,521555.78
1226059101,533877.3
4449800063,455929.97
2815600305,646763.94
3821200050,229469.6
2644900110,404946.53
8058500005,320225.84
1099760230,362723.72
1954430180,364939.97
7853360480,464825.12
7229100040,391518.1
1432400120,225916.7
1898200080,611197.2
4054520100,816532.6
2568200140,703037.06
587550010,1.4801382e+06
4154303215,669024.5
6358900070,765943.75
3277801640,558711.4
6209000165,382774.94
6143000020,431520.28
2591780180,510213.28
5412400170,298068.8
5466350120,300457.94
2877104196,617975.0
3222059007,412054.56
7957600025,321572.66
2698200210,348193.03
3764500230,498068.06
414100630,339389.78
8029740060,522998.3
1426049054,419661.22
546001060,691783.8
3277801417,536604.7
3630120970,712301.75
2326059080,819682.1
3278612370,402907.6
4024700100,269817.47
7697870860,328026.84
8562900240,598989.94
4059400585,217438.81
5703000050,538706.75
7701990560,994570.44
1760650610,334723.25
5408100035,353855.9
1370800560,1.1098931e+06
2880100240,462316.44
3630060150,495186.75
6071700020,440778.3
2473002500,870646.94
2768300650,433600.25
3523089019,725112.5
2787250190,531985.3
9477940440,422781.9
8732030440,506844.53
236500050,417237.56
993000100,646124.94
5466700360,330989.22
7203220300,849869.06
8682292180,457370.1
5209200010,352630.16
7853360990,326396.4
8663310010,347820.3
2313900165,543557.3
6114600030,632556.6
3303990030,823195.2
6679000960,390356.3
8161000230,650210.06
9510860060,692129.9
1223089083,712835.94
2721049059,364158.6
2523039278,289094.94
9826700707,511654.0
2159900120,417678.7
2767600635,589279.56
3812400455,318236.4
7852030960,368220.8
319500080,574917.5
1061500360,371168.88
1787600209,351513.78
7888700030,497141.6
3623500260,908045.94
4219400520,1.3073328e+06
518500460,2.2353802e+06
2500600297,275640.84
7283900010,267970.9
9225900055,362555.94
4036800925,291366.16
7967900150,550196.7
1782000130,433045.66
3163600015,235877.6
254000075,484972.44
1424059022,994660.6
2768200090,731010.44
4319200505,425620.97
1592000780,677892.7
1687910100,526341.56
5200100115,609756.94
3751600176,239240.23
5608010650,853862.6
2051200506,407196.62
2781280310,437665.4
1023059190,300307.28
2787310130,398949.84
4358700100,412799.6
3121069036,625064.3
1959700225,574648.1
3205500230,292062.8
7974200937,433462.22
6819100111,879494.4
6146600175,249749.52
1525069095,766936.25
1231000510,492129.4
4122700040,688149.0
2426039314,331600.3
2013200390,440028.88
1854900330,582459.1
1923300135,565249.7
582000135,476411.78
587800130,304310.8
7840800135,266784.56
6116500366,453037.3
6392002635,594067.2
5361700020,309745.94
106000395,269027.06
7199330390,267011.72
2484700155,679067.2
4038300070,338037.47
9407101850,342954.53
293610040,590263.0
7202360760,743180.6
5608010750,1.4967945e+06
7236500025,373145.2
9144300120,325099.4
1454100267,386887.7
1377800135,432881.56
7967700570,339494.72
1562100220,487482.12
2923039243,388299.72
868002080,677733.25
7137960460,380503.12
1023089096,288182.28
3262300818,1.4720618e+06
8563050110,486890.5
7137300245,472896.94
4365200630,355112.84
4100500070,1.5911681e+06
3821400200,300193.38
5379803386,368337.1
4237901075,506388.2
8118600155,283079.53
8946780080,793962.56
1428000970,356384.53
7011201004,650483.2
2799800180,436793.22
522059130,294552.22
4315701163,564535.4
3649100387,439599.9
2125410210,451262.53
3224900130,301271.4
6798100661,343776.53
3626039325,902304.9
8730000270,427148.75
6065301040,697106.2
1665400165,276425.38
2203500140,263527.7
4058800875,486904.44
5076700025,286955.5
7853420110,614186.9
7818700480,196965.97
8658303080,313819.8
3187600100,473462.4
4077800518,323777.16
2470100110,4.200779e+06
3451000206,343709.72
1843200350,337396.12
7904700126,426822.38
9430000070,307465.2
6003500749,611776.06
7701990700,740620.75
1310820150,586831.9
3975400190,619887.1
4100000050,508067.03
7202270700,412331.0
7370600020,595824.3
126059225,446704.0
106000015,277518.06
4458800060,831362.4
8944290090,366060.47
8682250330,593450.4
9834200390,497072.3
3275880100,613334.4
7227501190,282639.22
1796100010,733099.25
3831200210,428114.2
2521039066,401892.47
7701800050,415289.53
3904960910,515432.1
5647900670,369241.97
7234600796,492676.88
3021059244,322295.22
7787400030,1.1599131e+06
2051200436,690929.06
8820901415,279358.16
3523069047,815842.8
9194101388,394678.75
7277100610,351412.25
9471200370,1.869957e+06
2767800140,691997.2
3629870110,467742.38
9136102057,533625.2
8648900060,463040.94
3678900110,415368.7
2767600150,453346.84
1972201511,543326.9
6055000430,709322.06
6624030050,433119.47
2215450150,434946.8
2767603824,420674.8
3585900460,1.03286825e+06
2922069134,568161.7
9267200062,420113.56
7228500425,445875.88
1089000190,781450.4
3359500960,363198.16
5152100160,642953.6
7230300060,410452.47
2423059067,485768.03
8016250060,265202.5
2524059267,939120.75
1438000440,538397.9
3326069026,665037.9
9353300600,299139.1
8691410060,705727.5
6332940070,441863.44
1310980110,409076.56
7428000120,364158.8
3626079040,602868.2
2722049077,487033.7
984220290,386224.5
5347200160,369346.4
4154303655,510775.03
2953000250,356401.66
9523102447,628799.0
5104511840,522310.16
3448740250,431805.0
4219400290,651196.94
5152100060,751886.2
3279000460,305784.16
1102001274,715281.4
1251200155,1.3105574e+06
2025700740,304744.88
3820350050,345841.78
1245000438,457150.28
7853230200,406629.16
3832200070,404322.8
2926049400,377911.47
1246700251,623747.2
6372000155,559981.06
7950300670,405887.1
7518504130,563063.06
9286100200,427716.2
3992700585,355113.3
7234600786,879018.9
5476800069,493825.28
1126059201,1.6573836e+06
9527000090,423679.28
402000115,389064.47
8818400450,987878.8
2475900840,209656.38
1437500015,197501.36
2848700095,488888.4
1529300135,294746.4
2597520090,665014.06
7812801125,273995.53
3343903647,538247.75
1951600250,235354.8
9542840590,457818.47
8081010040,1.3745646e+06
3262301355,1.1785692e+06
1861400068,461735.22
3295900490,458668.16
4345000440,344481.3
4219400465,1.0262645e+06
3797700030,335213.66
3204300860,607790.25
1930301555,506317.6
8807300130,192639.38
4391600035,313263.06
5021900140,1.4662821e+06
2946000590,336230.12
686400210,416030.03
3365900462,279284.7
8682262170,446531.75
7312400325,378381.78
3760100100,359630.94
3579000410,399147.53
1773100755,617523.94
7129300175,511634.38
6303400965,286713.2
1328320440,431022.2
3686900025,334483.25
1221039066,521104.12
7950304095,340900.47
3585900785,944156.4
9455200329,466857.03
629410130,751708.9
1994200375,465448.78
6669200370,871539.56
7262200150,244874.73
7504010750,609936.4
5253300173,278868.7
3395040200,356353.72
322069109,425144.94
4054510270,1.3462709e+06
1710400005,603131.25
8644300170,584048.6
2450000290,661108.44
6102400166,863648.4
1934800087,456212.84
3333000775,358362.84
5393600509,343208.75
621069039,441590.88
3343903611,755221.8
2954400020,1.0566519e+06
7972000010,295823.28
7214810510,456260.72
5561300540,492030.9
2634500070,384680.9
6822100310,705671.06
9201000100,618904.8
1072100085,314985.7
6190701146,329912.25
3277800845,385445.78
112900020,365499.06
1324059048,573610.7
7979900126,375636.97
7199330370,263885.03
6381500720,426589.1
8078550190,377926.47
7853440140,825741.3
6300000396,371950.66
3374500250,465832.03
3343901188,344727.78
6979900010,769764.6
7199340320,426500.16
1112000125,371243.25
9269200150,423838.75
5104510210,333401.66
925059219,521917.4
100600320,241587.48
1789900080,365120.1
2123049142,369902.66
2459900040,389024.53
3902300450,510895.3
7250000065,345124.2
7823700005,419294.3
3750605247,300711.3
2771601730,535638.9
3298600440,734816.8
9141100005,587539.1
8682262190,442381.88
9407111250,258902.33
1336800010,1.2486686e+06
2255500060,569177.44
7950302345,342489.34
8658303585,215725.66
9184700600,1.114338e+06
8068000440,414405.7
1310000130,434606.88
7853221330,889637.3
1222029077,243728.14
8562891100,619079.4
2517000260,455722.2
2225300149,383690.72
8651410330,248265.1
2413910050,555264.3
9407100720,272697.22
2112700920,512942.06
3761700251,713972.9
1036400100,620350.25
3585300365,625639.2
8562750060,1.1006166e+06
2719100042,606042.4
952007055,398306.72
925049318,596800.94
7203220260,935794.4
9320990140,361704.28
8567450140,589921.1
5379800810,248120.64
7784000100,599803.9
3992700475,322707.78
7905380280,330209.34
943100683,367319.2
8029770470,623139.8
2818600060,1.0227923e+06
1226039124,441570.28
726049184,255445.83
795001930,294212.6
339350150,685141.1
1332700270,365564.38
7548300170,626191.2
6141100330,377105.0
647100096,486069.5
6744700423,608829.8
2895800750,362672.72
4046600220,305113.25
8809200070,344489.22
293700110,800300.25
4178500440,350437.38
4358700164,315237.66
9197100263,303117.8
2426039313,331600.3
9468200163,576432.06
475000190,441494.22
7504180170,279892.16
4036800170,423667.4
2561330040,346991.53
4123400340,443797.03
524069115,906772.75
4047200850,318217.06
8651440230,406955.56
3905030140,422458.7
510000641,652706.1
8663370020,361697.03
2883200760,536135.56
1980200384,989591.3
9468200140,467578.84
1796370150,316636.34
9238900085,687330.75
9191201325,586747.4
2538400060,1.137169e+06
3758900037,1.2896408e+06
2472920800,490373.9
321030150,388163.3
2571910100,505855.12
1423910670,390825.66
1118500030,971986.7
1939000010,596369.6
1776460190,449999.16
7504400290,588327.94
3448700070,399741.6
7518501025,528991.7
923059252,613602.06
1431700210,317432.47
8635760480,536675.1
9175600025,4.6259045e+06
7922720250,509573.12
8944360390,440567.28
8948500065,288019.9
8669160310,323518.72
6117502745,697237.56
1789800020,489640.5
226039186,388285.3
6457000080,317979.97
9557300080,453241.7
8562790480,783885.1
6430500008,429201.75
1604590230,854784.56
9542850290,804637.06
7831800395,367536.56
3317500030,1.034415e+06
624101110,984797.4
3654200039,386963.97
7856000150,678018.3
4338800685,334665.47
3211230300,623087.94
3904910650,432427.7
3598600088,357490.5
3796000400,352927.47
7972601280,444869.16
1450300050,427549.4
7504050090,814750.75
9202650130,390692.3
2419600075,350566.06
1224049005,746672.44
7129303240,400258.22
1922059135,303099.22
7852020250,662803.94
4139910180,1.6979604e+06
4222300040,411606.3
1024069027,1.0810532e+06
8944600620,580469.94
5040800060,844433.44
1036400200,640815.44
7899800915,374960.3
3325069025,424226.56
9408300310,587521.44
1773100604,458510.16
5451100490,933735.44
9536602080,281083.94
9828702055,319344.47
3362401758,423019.7
476000333,360737.53
4364700730,323800.62
5559200020,312939.78
7522600110,340657.38
104510440,325509.25
8820901275,511602.56
3298700125,254431.86
323089172,450334.12
5364200477,427119.9
2222900082,635337.94
6641800020,883332.7
9358001422,392255.12
3438501150,230082.25
2206500430,350147.6
9272201318,577050.75
585000095,599473.9
7708210050,692800.9
9407000840,328511.0
4027701265,478551.2
8644210050,791024.06
8656800020,306293.12
3329520170,266749.3
5104520720,300921.4
3806000005,185016.2
2330000015,592155.8
1447600410,300076.47
8641500252,345652.1
6084600420,351863.2
441000115,387760.4
2597490030,866768.7
650000030,449583.22
3585210200,307510.34
5416501030,602195.56
5406500170,542538.7
2916200065,344103.9
3330501975,565385.94
1774220070,619107.0
8731730710,290177.72
7861500150,472882.78
1402630190,399493.84
9117000230,378485.84
7133300380,600300.2
4232400470,623916.06
1773100972,368228.1
9413400165,357682.7
7658600025,314686.7
6909700040,876533.25
1402900380,402487.66
6625910100,715018.44
3204900010,662909.8
5162100820,516831.16
5560000480,175390.02
1704900303,631328.0
8084900170,1.5202136e+06
2887700091,908297.4
4331400190,351717.8
3762900130,357096.2
52000067,402138.53
5430300120,609479.2
8956000460,590185.75
8856950310,344121.75
3364900156,226988.02
9310300211,332391.78
6448000020,1.2996964e+06
123039570,437146.53
7600065,547655.5
3123039171,455661.34
8964800445,989833.25
7857000732,456136.66
7525410090,589329.94
9541600350,738668.25
3186600515,738156.94
4123820450,380703.38
2505500030,965057.4
1541700240,436546.56
6629300120,326849.38
7399800150,416397.44
9517200180,351826.44
1313300340,545463.06
7967650010,644810.25
8807810090,268310.62
8815400670,734836.3
2310030500,447948.9
2241700075,302752.2
2287400030,407031.44
2827100075,355488.62
1310700390,461420.8
5498100010,413036.06
723000114,1.6205922e+06
6431000987,496977.75
3356407665,304280.8
7852110050,445411.72
8677900123,371956.88
1917300260,420006.5
3396800280,481001.78
8691420050,766483.56
9368700006,349181.34
339600290,393565.78
1592000250,573070.25
1471701780,371657.16
8928100205,461630.7
5029450100,372256.38
5493110080,1.9073532e+06
7883603750,355964.56
1732800175,772940.94
1518000290,349559.4
8604900017,591901.25
5379805160,354762.66
1254200835,530088.75
3179100482,346284.84
3313600266,285132.34
976000879,529055.2
8819900220,598317.56
2130701535,245532.23
1176001124,470280.06
7893805650,410600.16
3885806840,874504.8
3625600190,887289.4
8562790150,1.0069131e+06
7348200115,269058.1
955000453,402470.3
6817810310,324400.2
4040400340,418154.03
1644500050,966320.1
8029500100,514792.78
5244801230,688230.75
1115100119,377119.72
9542400010,821764.75
423059387,600620.25
4023500990,301122.25
7899800857,298378.28
2976800796,295522.12
1074100020,283577.34
446000010,480183.53
7942601200,475640.9
3575305495,864725.6
8691310040,896722.06
6117500430,1.1696428e+06
3924500130,564747.44
2028701075,436032.8
4330600360,265091.25
1324079082,368611.06
9268200484,647094.44
9828701605,494922.2
7518506715,894821.5
5315100277,1.3721051e+06
3942900115,415401.75
1561930020,739130.3
9510970090,597042.3
6163900821,288600.6
9510300220,533022.1
3869900146,289473.47
9262800208,945157.1
2522029039,563405.8
6865200095,701035.25
3782760040,610191.25
4237901250,603312.4
2891000610,369417.75
2749600095,465521.88
5422810010,570990.3
3629980350,793953.5
2459500070,334906.0
5113400364,469479.28
7533800885,483116.7
629410190,658865.75
8651431100,195703.72
7960100050,606804.8
1842200040,281109.7
425200205,246089.81
9477201470,325185.16
7905200365,428053.66
6381500635,285770.66
6052400175,458310.78
1236300268,438485.38
6072800265,1.282024e+06
3423049311,247837.81
3755100540,320943.06
7852150120,355111.9
4180300050,567820.5
7625701935,242114.0
7132300550,468992.12
3025059093,1.6819502e+06
8161000220,474400.84
7852011020,587565.7
2599200160,534932.5
5536500020,565338.75
2095600150,359252.88
8910500226,505589.62
1681400010,704025.56
1424069110,592739.2
5127001620,345026.97
7940710070,459297.2
2413300980,453909.03
7853400250,674582.75
9542801310,485862.72
1890000169,457043.38
2720000120,292187.72
9424400105,469956.84
7888780090,337454.9
3501100280,357838.1
3905100220,448094.12
723000150,735638.25
8691310980,879480.25
2297400250,389612.66
2892600056,292582.78
5273200080,497199.62
5145100460,387072.8
5561401260,802022.1
7732650040,786476.8
7504101280,1.0907881e+06
8581400345,493641.22
7129302800,643946.56
9551201560,629050.75
1546600020,513119.22
2648000071,291551.84
3339900640,329383.66
7853301240,380712.62
943100262,220713.42
7202430150,723996.7
3558000120,348480.3
3890600150,380887.75
7452500315,296001.62
7173700591,608277.06
438000015,642263.7
928000020,379496.6
3830700010,520004.97
3845100640,640836.9
6675500112,333322.56
1773100920,452148.5
9485940330,511964.7
5561000600,470721.22
1786830090,476721.0
2011000020,368922.66
8024200681,419120.4
5452301810,2.0345184e+06
5515600075,436751.1
357000135,1.3736899e+06
2541100010,437655.47
1090000036,792806.6
3459100300,441839.12
2450000295,515471.6
162500015,455815.47
2592210290,778461.4
5101405265,393885.3
1122069019,771841.7
7501000220,719572.0
1310900140,586150.9
3298700941,320027.2
1972200382,400875.97
5100402764,352585.88
2623069069,672061.1
6372000280,494705.25
4305600240,431438.97
2767602094,485616.72
2500600289,281349.1
7203160090,749719.94
3521069146,576077.94
824059321,1.2541854e+06
9348700610,795831.2
7228501745,358513.7
6021503656,415795.72
5437400630,480542.22
2207100740,316677.44
7202000220,340403.9
629811340,601750.25
1324079029,240448.5
418000010,234871.98
6303400290,219206.83
4139910030,1.2255221e+06
3023039066,327373.22
8698600395,391830.88
2799800710,441844.75
7351200050,794191.3
8564860270,473889.78
2591830020,592850.6
4139420430,1.3778355e+06
9828201725,467163.75
2420069604,261506.81
7224000315,171787.17
3861470120,1.3619152e+06
3222069151,375130.2
3869900155,354846.1
123039346,359170.47
305010050,536863.56
2141340040,665903.2
7504021310,734578.6
2436700315,555407.2
8732750100,699375.1
3298201290,225879.52
9241900150,721197.06
1180005220,403594.47
5540000050,475546.4
9211520400,352328.66
2623029078,420946.1
7132300695,462323.88
6430500219,393445.53
6084200100,410514.2
7140200280,375996.7
3904910610,411205.2
7625701900,457094.1
9432900560,439465.97
1388600110,299193.88
9126101201,324231.03
4224100030,590587.5
1109000390,609962.75
3336000296,390797.0
7504100590,847366.9
2025701060,287645.34
7527410080,507483.72
7304301045,210378.8
2591840050,625576.2
2767602490,405659.6
5494000040,621109.25
2473251090,325202.03
3825500080,507528.2
2309710150,430645.28
8901001335,554813.1
1781500435,372602.28
8835220200,352027.47
4037500335,425216.84
1338300180,1.2401918e+06
7968000120,386041.5
686050100,735098.0
1180008315,317963.5
1657300280,852724.3
7856600170,561426.8
4154303125,504496.94
3295730050,426273.44
1777500090,553937.2
203600470,560686.44
6673050020,536736.2
8731980680,413479.56
2273600260,372179.1
1000102,342234.7
4197400005,538750.44
3378100100,354224.94
7856620210,713717.1
9275700765,808326.9
1246700136,299972.66
4239400740,267139.38
3306300630,213054.42
2524049056,1.04829994e+06
2023049245,322379.1
3210400340,431423.6
2621760350,341824.22
526059183,436883.38
8078460050,523758.47
7504110050,556067.25
3876312840,370169.78
9268850350,327551.44
8085400490,678995.2
2722059185,504828.72
3644100101,305794.62
1321700030,2.3036778e+06
5608000630,1.5600446e+06
825059349,1.377106e+06
6083000071,223503.0
9164100105,459145.22
1425059145,522364.2
5210200184,593068.94
9477201370,362206.4
2927600630,1.3790055e+06
2619920170,730158.5
1560930450,726400.44
2896000510,466060.7
3034200067,444691.72
4025300360,319574.12
3362401295,520150.12
2391600555,352376.56
7550801170,488280.25
5347200175,319644.72
8910500471,483347.3
7199340560,314051.97
9266700175,397431.44
808300270,403104.62
2487200875,501797.94
8728100781,364896.38
5379804888,329507.8
6619510060,360016.16
5416500680,658315.4
1862400087,313659.78
2126049277,377683.28
4137000070,421433.94
8081500060,2.4005812e+06
686800065,589136.0
5561100180,603939.1
798000342,307032.88
5603700095,532303.1
7151700585,1.1815875e+06
8129700565,580363.44
2782100260,521141.34
7011201106,337741.03
2423069084,504729.88
8141300300,608766.56
6601200040,421758.3
290200230,475366.8
1423900220,295286.72
7303200450,305014.4
3755100220,273394.44
796000235,253414.78
7237501040,1.1374842e+06
7203220400,854301.44
9285800275,868884.94
2061100435,514677.97
6414100025,576324.06
5317100750,2.0725751e+06
6145601000,464273.3
5634500775,392877.56
7375300160,531308.06
9558050360,640488.56
4151800420,238227.08
3751600146,346110.6
5302400080,630669.3
357000005,542994.25
7283900306,507728.78
3738900105,257064.03
6822100305,588805.25
7436000205,533568.5
3295730040,429681.12
1526300015,314862.8
3294700101,346105.16
8864000970,311313.44
5469502700,726736.5
8078520310,393680.88
6154900130,282902.28
8945200830,221284.44
1085623630,593389.0
4013800131,256137.53
2287000010,446037.7
546000930,652875.1
4051100390,336873.06
7203100120,439159.7
7523850150,369918.44
3826000665,340989.72
1311800560,308446.75
2877102180,495192.7
3221059044,971396.75
9169600110,596410.7
9510920040,690185.0
8813400155,748193.56
3896100130,792930.06
2568200740,698175.56
1217000340,339205.47
6430500086,441266.97
5634500234,407770.44
825049073,444232.75
2391601445,1.0099024e+06
7881500330,530246.4
1721801591,197352.47
2473390710,340916.12
5634500891,375882.66
5515600163,736722.2
2560805630,422655.1
8078350280,446456.06
9477201060,319104.12
8827901350,651409.94
3560800040,354383.7
3034200370,428938.6
1328300040,494057.8
2483200010,693812.56
6071800480,446566.34
6200017,214172.69
8149600065,745471.25
3362400615,410184.47
7518502945,515801.22
8001210120,366597.75
8682280340,493581.5
3623500408,2.1530508e+06
3764650070,436718.4
7937600380,401477.22
923000580,685053.4
217500005,406342.66
5419800510,338683.06
8562901250,544001.6
2212200100,404610.66
2310100240,444801.12
8582010240,564224.2
8651410670,246134.66
3330501645,243885.55
8113101232,429086.5
7849202190,185109.38
1864700300,323880.97
5231000060,294658.03
1565900070,307644.1
7555220140,553922.25
7518505160,543065.25
3322049005,700052.8
808300550,348015.8
66000265,353195.97
2880100675,266660.34
1524079156,336059.03
3625700010,1.4062818e+06
3259400024,286705.94
3205000310,297286.34
807800190,419693.16
2783600210,389020.84
9290870040,714439.0
2561360120,301987.8
8857100180,424094.94
4388000070,363173.34
3860900003,589015.9
1176001119,501360.97
6084600330,353731.1
7985000100,401323.38
8026200080,408181.8
3210600010,461557.97
7558300170,413553.1
7852180340,405448.3
524069011,488824.6
3361401011,201302.08
6117502455,388514.7
5602000025,261657.77
4142450490,375527.84
5306100255,362908.06
1795900120,418567.75
1193000280,800652.06
9238480120,489148.53
3630200780,1.1030978e+06
1250201130,455838.06
7796000095,1.4019476e+06
8635760040,446649.88
9476700135,358716.7
5249804510,452698.9
40000553,288475.25
3204300625,684585.0
2596400050,334108.72
2724069103,284692.75
3744000040,574385.75
7525100590,437672.84
3705900292,414875.78
6169900790,1.5450369e+06
8127700735,1.1025088e+06
3761700067,1.3718662e+06
6065300570,868053.7
4022902050,529284.0
3886902590,393249.4
4107100190,1.6866874e+06
2909300150,535810.06
384000135,298283.47
1005000036,338021.2
8856970530,331357.97
3448900320,553028.9
6713700100,329658.47
2260300060,2.3179922e+06
7273100026,537784.8
1277000020,775158.0
2620069113,427767.66
4166800080,439170.22
8731902680,504749.03
2599200830,414322.25
7569500010,613556.06
1825069031,603637.94
4443801495,626038.0
7805450110,863002.56
3345700207,650580.56
1560920450,1.4479999e+06
3629950010,463914.06
3782100035,279989.94
5561400340,1.0794629e+06
1898310110,361653.1
2122039094,805027.7
631000040,323800.25
293000145,300569.5
8121100015,355824.12
3205200430,290664.47
2475900565,236219.4
1651500040,1.5642414e+06
3955900500,400236.1
7907600100,302341.72
3123039136,268127.34
3972900735,248454.19
1424059130,390734.88
6792200282,299616.6
910000104,281992.25
3751600784,463108.25
946000295,368726.38
7749500070,607020.44
255550070,542982.8
5151600340,476691.03
5415300060,414506.84
287000110,716698.3
7585000110,279761.44
8121200460,457564.78
6891100090,920218.9
7575600100,465053.97
4240400140,596374.7
4046500510,288149.5
2944010240,1.5915255e+06
3449820380,538432.25
7203102140,325645.8
8665900291,500319.6
1775930010,325117.03
1118001631,897717.06
8911000445,272152.22
117000100,532418.3
9284800085,413443.03
2795000080,399657.78
123039207,369143.97
1312200080,339474.2
1236300290,1.4518672e+06
7549800168,578634.6
6891100260,877258.56
6072000910,551980.3
3226049184,447516.66
1442880320,485108.56
23500190,496080.28
6021502070,477506.4
4168000110,245307.6
792000006,242300.48
9558200210,260213.19
3840700757,525996.0
3876311650,470225.03
1328320800,414440.06
5006000170,239701.89
7575600430,407162.2
7686202580,214632.58
2524069097,2.7996908e+06
4292300024,329341.62
2726049071,325406.53
3526039019,626300.94
3300701365,444243.3
1274500170,259980.03
7282300095,264142.28
8562740440,904307.75
3761100045,3.1717398e+06
2877104265,899978.4
7940710100,508447.62
6071000030,727208.9
6448000100,1.2885764e+06
2923500230,3.3992618e+06
6751300375,299633.78
7214810350,494725.28
1088800470,673813.7
7129300420,275126.66
6149700405,280439.84
9521100855,424509.0
1861400116,611261.75
2787460720,276770.16
6073240060,695538.4
291310100,421779.2
1247100035,985401.5
2626069030,2.3518295e+06
1326059085,542288.94
6447300265,2.8529628e+06
8651401270,234493.53
3524039209,966545.5
3226069049,1.04566694e+06
7548300425,442440.03
1438000360,457745.9
1777600900,777399.5
5244800695,489018.22
3387900390,349170.97
1954700615,768474.9
1026049036,364126.7
1683500180,359568.66
1939130420,550302.56
2021200530,869123.1
993002325,484449.94
2780900220,490536.72
2540800390,399571.22
2919700540,732257.0
2787250090,505465.1
8651442520,437500.25
100600860,286319.75
1437580480,1.0515271e+06
3886902505,352650.97
173000140,329501.6
5151800045,947174.4
3010300240,432986.78
2085200261,364000.03
1839500065,310046.94
1049010300,484167.12
1328340540,358435.66
8887001625,433201.3
5332200320,679326.2
7137960030,369797.88
5468780250,431295.66
2436200715,599161.94
5137800030,445237.62
1068000520,1.2373698e+06
5379805121,476011.88
7445000105,411853.53
7942601895,619698.6
1727850350,1.291024e+06
9407150310,444091.56
5569620550,642603.0
3179100480,370117.8
3624039111,314324.0
7844200050,424815.84
3304040020,532027.4
7739100155,625515.8
6099400053,227345.16
7468900270,292554.47
396100025,360897.4
1160000255,303748.94
6300000320,394978.3
6392000570,262222.12
7387500235,333573.2
1121000058,521167.25
9828702120,503734.5
7715800310,299472.72
8562740370,570611.56
5637500070,431173.56
5561400470,659110.5
1189000205,365043.3
2412100025,346745.25
1073100065,311854.38
5160300020,504107.44
2770601677,504131.8
5104450070,482130.34
820079043,399796.38
751000190,282414.2
1823049179,409455.06
7430200060,1.6041948e+06
3331000035,683320.9
1775910370,535156.56
3626039299,428067.6
1546600125,616736.4
3260810150,518429.25
6817800330,248034.72
414100045,395115.3
1326039061,345429.16
4055700030,1.2582894e+06
1225069038,6.1085645e+06
2296700260,371504.78
2822049160,360692.06
3395300260,473730.75
5144000036,344699.1
809002290,794631.6
7334501410,371208.1
421049114,282281.3
2623069010,825811.25
1133000144,440494.75
705710290,333544.2
7313200120,548709.25
1269200150,263803.97
9264930970,444904.12
6819100020,1.9880702e+06
5112800421,285831.84
7846700850,306245.12
7227501450,288752.03
5451210150,559149.25
4140900140,644515.4
3537900180,473737.7
7738500475,520808.06
3541600450,469092.16
5379800040,460814.22
6664900330,313151.34
6056100312,308798.16
7766200013,747017.4
8651720470,436139.84
5690500095,880914.9
5423010180,968116.06
3204300610,579822.0
3425059066,406160.44
7856660130,1.03036006e+06
2954400520,1.2208505e+06
2327000110,941166.6
9526600340,521332.12
7695500200,504289.56
7237501180,1.2590469e+06
2008000550,378961.2
1123059126,651912.3
1775500371,728372.56
3459900230,2.406978e+06
2619950310,637047.56
1771100330,291353.06
1321059097,436797.06
2420069278,334334.44
3832050570,388334.0
7132300525,503439.66
8691410700,666722.94
7967000150,502187.22
1328300810,431029.56
711000110,782123.3
9485951460,537426.7
1771000970,264022.25
2817100900,273551.34
6817800630,305688.66
3558900450,417064.62
7215400770,442939.34
4222000320,280610.9
2791500270,305479.03
424069018,936476.44
9547205180,626249.0
5631500947,593390.5
1425059193,983651.75
567000775,496442.8
3904900610,347729.0
3649100346,495429.9
1624049228,450743.75
1559900080,308353.62
2919702040,560351.6
4013800206,254652.0
1025039292,993828.3
2771604640,771016.2
7203600550,479767.8
1545802830,303962.03
3303910010,673688.0
8617000060,1.0625212e+06
7889600190,366386.4
3325069064,345326.03
6300000337,468212.34
1172000150,232278.2
3348401319,432877.44
4188000490,783760.06
7779200355,705010.2
8029900110,644707.7
4060000290,255927.03
9475710040,347233.75
798000535,308129.1
6415100410,410076.84
4299700095,453118.03
6117500955,488402.72
2421039075,349666.0
3362401935,431889.38
1545800205,296076.25
7645900235,869605.94
4141000060,1.1846901e+06
9485800050,486461.8
2436700280,860687.3
7335400400,325260.25
9294300495,794436.75
6649300190,505608.56
7950303270,517058.25
2391601010,292326.84
8129700728,490981.06
7871500685,676359.94
1498304065,598844.5
3862710010,483051.3
9209900335,456976.84
952006857,270085.06
2322069168,606178.1
1775801090,439234.06
5700002165,619248.9
4029400080,360332.22
7796100080,683780.94
9279700150,1.7266465e+06
3876200060,366480.28
2934800025,368394.66
9359100101,663307.6
3330500335,327108.2
4027700466,364671.25
3204800430,312184.72
5415350770,830506.56
1443550020,484322.12
2810600022,302576.56
1238500281,352124.03
2591020140,538726.44
7137900960,327204.2
1328340630,342724.62
3529200190,467861.84
1624049291,778671.4
4083301120,618120.6
1873100060,541334.1
1773101159,270048.88
7214700350,529747.7
3856902250,516431.62
7169500130,465378.6
4038300010,312940.5
9578500810,586446.06
3345100184,331424.53
452001860,485969.12
7905200037,501074.34
9376301110,441790.84
873900240,340544.38
8682262400,438104.66
7227500910,210569.64
2392100090,445907.03
3221079050,486893.94
4307320280,364416.88
3211270170,1.0229334e+06
726059483,837328.25
424049043,1.5610538e+06
6865200140,619271.75
1155640050,418359.84
4139430250,1.7720451e+06
818500100,299535.16
7999600180,350749.94
4099501215,655343.3
4046700140,343986.34
8857600490,329611.38
8677900120,432578.72
5379805253,251006.69
9211510410,415304.88
2337000150,507369.6
1423049029,331127.72
4036800580,348307.62
3942900010,342795.4
3438502715,485897.25
7625702441,389704.2
3905100610,424137.06
2218000335,437579.75
3034200516,345875.22
8024200625,363753.75
8564500020,307525.9
9550202700,366020.0
7518508625,604460.75
1822350070,290777.53
8921000040,837948.3
6648150090,1.6536192e+06
2402100675,681514.06
42000127,419164.62
5100401160,470936.5
7347600507,344401.6
1839910300,310633.1
1250201550,817584.7
9460000010,433508.22
3356402232,275495.38
6819100150,589090.44
8645501330,321253.28
1556200005,1.0094755e+06
40000228,267645.4
7300410010,537023.9
4299000030,531487.25
2629600016,336125.1
662310900,553708.75
1909600046,485744.4
7893207490,247956.12
2524049318,1.5455216e+06
924069210,625960.7
1591600527,337380.22
98000060,1.9064149e+06
6392002020,493923.38
2719100400,479167.22
8018600655,549389.56
2141500020,387436.9
3277801580,671075.3
7237500110,1.0373524e+06
626100023,690344.4
4319200820,315036.28
1422029138,532664.25
9517200610,318853.06
7334600280,319321.22
8820902400,588679.25
8944600060,453988.06
100100050,274668.1
8074200100,300683.4
1836980240,719999.1
6648500440,495691.28
9530100225,631290.4
2883200875,602131.2
4218400175,989425.4
1022069183,736242.6
6398000171,640458.9
5021900160,429309.53
8078410250,458036.16
7972602490,280343.56
1962200435,633330.3
7221400285,347614.6
273900030,315068.5
2708450020,807911.25
4083306616,372075.25
3034200435,559443.1
7855000550,1.4406995e+06
871000155,558504.75
8024201714,388823.2
2625069038,1.1693031e+06
2324800350,850896.06
5450900010,1.1415348e+06
1822039225,637769.1
2460700700,337517.22
6679001060,299007.88
2422059111,388361.06
1250200345,367310.88
5589300370,283148.8
2021201000,1.5194655e+06
4302200336,271259.1
1328330290,435068.5
3438500781,394596.25
5453700020,656710.56
123039147,347667.6
8691310070,1.0665262e+06
6450303785,345585.53
114100234,455685.97
9212900820,329635.16
4270600025,413383.3
7201600190,337237.25
521049227,1.7071624e+06
6300500479,462151.06
1432600100,255296.3
1024000109,339326.97
1430800100,361349.2
9164100125,525709.44
1925069183,534658.1
7852160080,1.0346814e+06
5317100780,781325.7
4083304835,566163.3
9478400080,719082.6
4463400195,262303.62
4232901525,391334.75
3845101070,631678.3
1843130980,341603.3
3810000480,481430.16
7137960440,374328.75
1231001115,455279.28
5101405340,426845.5
3723800409,631747.44
8651430370,219765.73
6135300010,210581.31
23520380,384476.5
2935400100,405604.84
6137500320,748542.1
7841300230,606150.56
3521069051,563482.25
2621400080,362796.03
5104530240,543528.9
2022069200,582804.7
5469501850,644642.06
9206950110,381432.94
3298300210,233621.17
2810600015,393388.78
7298050090,1.281024e+06
7202290620,380585.1
3211290370,343096.25
1591600506,433200.56
2827100070,541205.0
2482410130,450353.5
4364200125,363920.25
6388910730,587482.8
7436500120,391250.0
1822059156,858590.9
9432750190,560101.6
2205700405,297946.78
6056111370,340395.44
3205500160,311545.3
6139100076,345322.34
723069135,478578.22
4123830070,397557.6
2472920740,758557.06
6134500220,432514.72
2734100395,289066.2
3574800090,391349.12
3126049107,555672.9
669000210,1.1111225e+06
1139000620,238831.66
3825311190,576622.4
7300400320,549679.06
9407150250,273092.62
3679400503,333959.06
641900050,396195.3
9169100130,747602.06
8091800140,332331.2
9547201155,556265.2
4154302045,288379.7
6638900265,711518.7
1423069063,428439.84
3335000025,514570.66
9269200650,255269.88
1781500180,489406.66
9211500520,379529.12
1853080150,779666.25
2767704756,447101.4
2206700295,348364.94
2557000380,561802.8
11520200,750284.4
3832710680,351088.84
2569500210,504175.56
5230300210,236684.5
6447300225,1.2638992e+06
5035300325,890277.25
7853301660,899264.0
5411800250,309757.03
7203210170,452443.97
4302200415,312448.28
7942100290,338536.9
3629860160,852794.9
1423069076,652785.44
525049085,617532.06
3306200230,334543.56
2193310300,399682.47
7978800621,364478.3
4027700632,444382.53
1761100190,344580.22
2749600245,416370.25
322069141,546106.9
1900000035,228141.08
3361400190,205457.38
1604602050,623239.56
9421500160,434605.22
7788400180,307859.56
1566100625,379520.38
3861500340,314891.3
2524069072,256441.94
3013300980,470289.06
4191500130,507720.8
9407150130,315272.56
3904902500,586207.7
9510900140,317685.28
3368900084,278009.84
3432501415,286260.22
4254000540,502973.7
2767603250,482021.12
2923501130,472240.22
9183703045,402522.06
5279100675,348525.0
3905080310,422520.75
2461900375,624883.6
3346300356,611970.25
1865000110,577752.7
9264930400,486380.44
3447000100,534071.7
2313900510,502503.06
7518507330,491861.3
9368700270,333468.9
1137400420,353670.7
2023069054,313022.5
2141320230,581002.56
9536601295,599323.7
2424400130,346121.03
5210200081,332936.94
4443800785,502190.06
7292700005,537302.56
9834201205,354486.16
3275800050,356807.62
6926700654,597968.94
7511000140,1.0346502e+06
6821101895,519966.56
8964800695,621302.56
6821100195,486380.53
1226059105,859351.1
2806300070,1.3437025e+06
1720069029,341060.06
6384300020,438515.12
8928100125,432213.38
8562770720,543889.25
8650300130,661766.7
2126059172,461184.16
8812401450,786586.56
6646200280,601285.3
4021100045,582089.3
1155620190,500511.1
6061000010,418080.6
3362400472,345051.3
9558020240,680650.06
7309100270,469638.12
7137950210,414223.78
7849200635,214503.73
1311200460,386503.28
284000095,1.2340209e+06
1509700050,382545.06
3438503014,288347.5
9406450090,458440.66
5096300140,452160.28
8923600020,853115.2
809001070,651540.7
2291400342,341138.25
644210020,592994.6
6700390090,359330.12
5631500285,836190.9
104560120,400447.06
6413100311,277602.8
2558700090,353784.0
1471590060,513960.2
8914100170,792890.25
5652601035,219931.06
7852120140,804672.44
6163900952,313040.62
5215200050,1.0834984e+06
6352600490,610393.1
3912000020,518742.12
8830400135,326457.6
5467500040,389709.16
9406570300,524356.56
109200390,399421.56
2025770310,1.4915611e+06
1939120450,567552.6
7524900003,2.4424892e+06
3755000120,293947.28
2473002850,917522.3
7625703945,315413.47
9477000190,357559.8
1727500230,414242.5
7011201087,327801.3
5561300750,552174.8
3969300030,231222.03
8097000330,421056.1
2025049064,623577.4
985001321,306944.28
1775500050,414058.6
8849300160,440301.6
2316400285,516847.0
2423020180,449584.62
7128300500,475166.88
9512501400,297459.34
7200179,259040.17
5490210670,396915.22
9527000330,541364.1
1972200326,460935.2
4151800195,426540.16
4046500320,343744.3
9834200885,491466.0
8161020050,520132.97
2891000750,319664.5
3426049031,1.5435734e+06
7387500195,366521.0
6303400395,110509.1
638100015,426582.06
4107100204,2.0470085e+06
537000255,374588.72
985001266,416828.66
1137410040,402232.6
7229900250,293943.28
3905100840,545593.8
8100400160,538070.9
1346300150,2.5375515e+06
1443501020,232909.86
5490700035,307035.56
1954600050,616970.4
8122100690,413571.9
3663000070,501576.44
5101406375,380077.44
426059055,540082.8
9268850160,406827.9
8731800840,389207.66
3331001910,423048.12
7603100020,1.1467619e+06
809002705,501932.72
4364200075,235932.86
1113000430,299710.2
1176001117,547537.3
3320000212,432306.34
9286000150,1.6193496e+06
301400830,327018.72
425059024,521064.6
8835350300,491974.8
7100000135,306650.66
7696600240,304742.12
9808640320,867553.44
3764500180,576487.1
326049060,577796.4
4017110200,516607.53
7224500300,275644.4
1560930050,692692.9
726059395,501893.6
8964800890,1.6323274e+06
4045500620,540398.44
8562710250,1.180181e+06
1775800710,304908.8
9528102865,673694.8
8096000060,794851.94
1591000015,313908.44
2310000430,364082.22
3902300350,568899.9
4068300280,342308.44
8732130730,431557.56
6791100410,395602.84
7660100236,454455.7
2568200070,787965.1
7697870310,349238.97
8562901100,471457.25
4016800120,470934.78
7338200180,584831.2
6791400320,379124.44
616000200,575596.5
2917200675,520924.4
2926049086,608247.56
3621059048,554754.94
7987401095,849541.4
5589900590,371359.25
855700170,475689.75
4030500130,430068.84
1755700060,376783.38
2413900050,628739.7
2489200250,347896.22
420000085,259500.47
8106300820,642180.6
8651730580,391802.8
8106300090,784095.8
9842300095,520813.6
9477000280,346551.78
2877102495,316264.25
868001030,856461.1
8564860110,618239.25
6762700452,458947.88
3294700310,233522.92
7231501665,358459.53
7525900050,408944.2
7882600326,1.4973631e+06
104550690,383765.28
3425059076,1.2542068e+06
8835770170,3.2042762e+06
2581300010,1.092508e+06
844000180,350808.97
7888100240,344885.8
3845100670,726835.7
4027700812,455440.06
291310390,356172.5
9550200370,603258.3
2328800130,361041.7
2372800100,353050.94
2923039264,443737.75
9282801720,483126.56
9520900230,442070.03
985000955,330457.6
1099600090,378220.8
9211010320,575547.25
3825310820,670105.56
9545240180,418044.34
87000245,199870.16
5041300100,527845.75
3624039150,241173.78
1370804430,494401.22
722079056,472232.38
9126100815,513453.7
1770000490,326397.03
3995700250,357491.12
7214820400,376053.7
2473411130,394213.16
1824059079,914360.3
3080000030,489922.1
984200540,380738.94
524059063,1.2394838e+06
9482700475,821308.3
8024200820,440842.03
8568700015,337021.88
1223089050,380812.4
2205500400,381245.84
1279300085,651449.75
7376300085,365895.44
322069020,440257.88
291310150,353560.38
724069059,1.5573784e+06
5255200220,403586.22
1931300850,397694.6
4427100105,428625.62
2881700231,336956.28
8641500280,260241.11
5406500440,553890.94
8078390150,668050.2
8945300090,248559.11
8819901030,626545.0
3179100220,576896.7
2126079046,321594.4
2621750350,550026.7
4014400190,513116.94
7853420110,614186.9
2114700368,404806.06
3438501081,231408.6
6850700670,723889.94
3352402272,325915.56
4157600150,536923.44
8151600941,346825.8
5160300030,524008.2
3820350120,339857.72
7338000800,257082.44
3359500110,892989.1
8016300240,609139.2
7203120050,676789.44
3322049201,311491.9
7231502505,246475.08
8106100105,3.3108865e+06
3895100039,660583.4
1001200035,303747.88
2724201202,309001.34
4038100110,406509.47
8827900015,570166.9
2644900109,341053.28
302000375,288718.75
1604600095,384308.34
2600040160,547605.1
2129700525,274250.62
603000555,499288.5
4083302225,876923.44
7298000090,679436.5
2484700015,572905.7
8945100320,227760.67
5112800042,497453.66
8091411100,367679.38
7375100070,315025.16
7577700061,539958.25
7923700030,313068.3
4235400186,348659.9
1498303700,524795.4
3876312350,387899.56
3797001815,467881.03
868002015,1.4175532e+06
597000550,511752.4
8956200530,602509.94
2207100165,345232.06
7942100180,286587.84
2468800040,492888.44
9842300036,418569.1
5700003985,2.1993715e+06
2988000070,332276.06
8857320260,706845.5
2600040130,458836.2
6632900452,558758.0
7518505910,499106.28
1672000170,689340.2
2597800010,548650.94
8562790720,923378.0
4219401080,1.4477352e+06
7000100711,552138.25
7954000125,601426.8
5700003640,1.874557e+06
5700000275,737339.9
4019301205,529902.06
8943600360,463587.94
2954400400,1.312488e+06
1321400060,366576.6
2255500123,551879.75
2781260070,582717.44
1313000220,578127.6
1125069153,1.4240891e+06
8899000310,321762.53
4139450360,841795.1
5511600315,405692.12
3575302575,396735.62
3226049054,321992.47
274100090,521572.06
1545802080,294780.66
6669020500,479640.97
3307700405,374276.1
3760500407,1.6169169e+06
7853270100,735524.06
9320350020,731815.6
7715800430,336732.16
6791400100,440494.94
7708000010,424285.03
1448800010,339782.88
1782500035,383353.3
3449500050,565790.9
2856100515,753522.8
1245000461,708218.0
1219000043,373180.97
5409800110,492168.4
2680700010,530331.1
8143100350,309625.56
2597150270,368914.0
2966800010,404282.3
8854000010,761968.4
2207200635,348660.97
1722059222,391784.16
9358002305,456377.34
6392001950,390119.7
3630080070,317531.0
3797001702,966061.3
8127700440,506052.16
1446400785,250211.02
5016002275,896506.0
2818100060,1.4667619e+06
6431000748,368866.62
7972600450,510493.75
8078570380,465209.25
7889601320,302003.47
1762600280,815446.44
3026059085,1.5015568e+06
3475000080,441330.3
1370802620,573408.0
5151600285,474960.2
2722049218,481518.78
7696300080,298846.7
4168100020,318533.72
1474000050,285139.94
2473480350,446917.62
1139600270,445448.8
6699940120,442003.84
7016100120,381235.4
6752510010,617187.7
7915100490,568778.9
984210170,373143.16
6159400030,416048.47
3013300968,496331.16
6404600006,286934.34
2770602170,261360.45
1922059401,256026.6
291300010,346997.53
3856905185,531139.5
7304300905,260875.44
3416600185,573848.2
1786810040,739877.5
4354700010,325359.9
3902100175,1.1728334e+06
4305600360,538415.5
3622069114,739450.56
4376700570,451553.34
6795100589,415539.0
3344500085,494919.28
2206500105,331619.06
8731900880,687486.44
1682000160,284599.2
5104200380,228315.47
1982201595,482667.84
795002190,253860.58
7228500375,490327.38
9412200280,404706.5
5071401000,1.1019246e+06
597000566,325559.94
8151600101,144893.38
2028700265,488256.94
1670400090,196413.17
7851980100,2.0328232e+06
5595900345,681756.0
4046700300,324834.44
4324210120,332225.72
2616800050,604517.06
1525079069,706552.0
9828201020,562475.8
2723069146,632419.1
9468200100,509182.4
2883200961,587364.94
1137300690,578856.56
2473100280,429957.66
723049448,295536.7
3066410810,681643.06
5700003280,669070.2
9268200440,423246.62
4053200410,330302.16
1234000704,900642.3
2473372170,559665.75
2523039239,267116.97
4324500490,311230.72
238000244,522843.56
1105000571,401389.78
1771000430,271115.0
666000142,674921.56
3389900800,430962.62
3578700017,544905.94
3629970190,789458.2
255450250,389070.97
1154100205,256951.47
3629890190,1.3546309e+06
3905080870,423978.62
8155820110,317181.9
5135000170,565710.8
2464400435,588204.44
9482700080,570019.3
318900080,358429.25
9477001410,310508.4
825079019,680343.1
1471701200,478655.44
5606000120,687222.44
7853350220,618472.1
1776460110,465799.94
3904920980,609658.44
8087800430,468458.5
3298200320,245710.12
9122500080,453446.66
7893804845,481347.38
1370803730,444563.03
8001450170,425633.84
5561400260,642201.7
7308600010,782904.5
3524039060,336832.28
7300400150,541065.56
207700050,563208.44
5595900355,327833.66
2652500285,733754.06
6744701310,2.3302982e+06
525069127,1.1891291e+06
3334000050,415186.88
8682220390,576874.1
4038700380,509379.06
8073000265,499280.44
9521100960,545187.9
5634500688,806027.06
6813600440,386397.75
1072010350,695382.44
7853301700,724679.0
5141000571,324350.7
2013802060,700835.75
7852070210,1.9697509e+06
1402970070,499334.66
2310040020,417247.25
646910560,322095.06
6647400090,349148.16
8682231110,521712.34
4376700330,528600.7
8069000075,752611.06
7147600220,268200.44
4142450330,346709.88
5101404698,357490.38
6154500070,986141.1
1592000640,614351.44
3756900027,567441.56
7203220130,785683.25
643300010,400292.22
8651720150,517584.66
4139400910,670445.94
5054800110,423051.3
8835200330,480900.75
7682200340,380107.0
7203600745,650930.1
1895000260,402916.84
7922750020,494204.03
5437200050,763073.94
8732160250,338063.88
1442870440,489771.44
1471700410,320672.12
3204800330,327137.84
1923000160,619828.4
2719100013,409082.7
3814900380,597787.0
326049038,504753.62
1068000110,618174.1
8835800010,1.3228466e+06
1560920200,606137.0
1668500090,612868.94
2597530070,892283.4
1139000035,599873.7
8032700072,473349.5
7732300390,540891.75
5130000080,563501.9
9276200890,466593.47
342000036,384837.06
5126300060,513665.06
2331300505,626339.44
8651410090,260879.86
200800330,406999.4
7520000616,319788.7
7170200110,460148.84
3021059155,284154.06
3582900280,1.382286e+06
7340600845,317094.0
3905040060,486533.5
3224800120,503274.38
6021503740,522382.34
2570300130,425116.62
8121100395,331530.6
3356404198,299904.1
3630090050,938626.9
923000413,408621.47
9201300020,1.4237058e+06
1777600210,706477.1
7738500731,3.9454472e+06
686900010,675451.75
7967000160,473315.66
3413700130,682803.3
7852190290,521178.6
1180007375,1.3019844e+06
3353404510,311435.4
7802900380,285934.5
8021700715,667807.25
3205100080,408709.9
4477000290,564082.25
1118001645,1.0137652e+06
7979900806,285345.03
7228500415,698864.56
7212660640,439108.25
3826000735,266641.84
7714000250,707871.9
4400200057,541631.44
2487200279,675311.0
7140700690,345711.88
3304300080,652786.9
2887950110,379098.94
3760500222,821879.0
9269200786,302392.5
3734900110,184097.0
5045700400,462756.47
2140950130,626277.44
2612000200,414873.94
8563300085,480208.03
2425059173,414009.78
8091410930,311416.88
9422400035,582572.6
1112000100,845211.94
1323089056,392288.7
5015000596,845986.6
1535204165,526506.4
1438000430,485142.38
3222059130,622897.94
1982200330,554415.7
6624010010,325249.94
2303900035,4.964736e+06
259600620,376035.06
6072500490,384104.6
123039633,336392.47
8562780090,337521.53
5249802240,452523.84
6071200400,480728.47
826069002,324780.84
2625079030,832715.5
6742700210,996449.8
9253900408,1.4783032e+06
2560803085,531579.75
1237500540,260358.03
425069020,1.0267778e+06
9185700440,2.4013948e+06
8656300345,297979.44
4245400045,345610.97
9834201370,437092.53
7853300770,358417.84
9551201295,487271.94
898000220,312339.5
3834000720,348663.12
1245500690,558556.1
4083304190,433417.5
4178300080,784660.3
2960900045,673806.7
1446801030,321383.94
7855800910,759105.2
7853310150,957723.9
8732131090,483510.72
7967600285,578691.9
8651520510,484009.56
5379802650,298802.6
1425059174,361020.12
627300105,934304.3
3124089049,454061.4
1778350270,644783.9
8691500410,492295.0
9169600043,510261.56
100300500,348702.1
3221069054,931875.8
4443800385,524168.1
7922710450,718834.06
7880020030,786751.94
3288020050,369744.8
4136980090,1.5489889e+06
1687000240,458401.72
7812801785,312637.25
1126059144,594791.44
792500260,379528.16
3222049055,1.2503044e+06
8635750090,550081.4
2767601280,654911.3
5347200162,280896.22
7503800210,313816.97
3394100020,780562.5
7663700783,340041.44
9454200030,629976.3
3791500050,230316.73
582000185,493446.6
3211230260,584030.75
323059103,338617.84
7297700055,350454.66
1545805460,275744.12
2341800195,307416.12
6648700150,420394.8
3860900035,1.4559682e+06
1980200236,604571.6
1180002745,480294.1
3275890310,779648.8
6840701100,570310.6
8651402750,203784.88
1588600045,360727.6
2422029094,283955.1
1702901500,336158.28
3755100005,446777.56
3624039074,223165.02
7950302995,443336.66
5273200060,528092.6
8025700460,350683.12
280610020,1.1384341e+06
3333002450,360587.9
7379600240,423629.56
4058802300,386457.8
302000065,255038.22
9527000180,478113.8
3626039403,329837.03
9510900360,400162.25
2310040230,562432.25
7308900490,542163.94
2206900065,342478.94
324059161,841112.7
7345310100,355461.75
2422049107,570249.0
8146100095,346669.28
87000283,399097.47
7937600010,339144.47
2618300350,262503.3
224069102,403144.7
7129302095,351025.4
7352200025,779810.8
6163900333,298815.34
3528960020,557275.6
1687000220,460409.2
4141400030,567158.4
1822500160,397399.38
5467910190,664968.6
9331800580,358088.38
2407000405,252621.9
5466700290,379835.8
3026059361,492264.34
1523069096,509062.2
3876312010,370822.38
8832900135,797940.75
9238900616,455433.6
4142450040,353426.12
9282800065,328201.72
5379800862,413997.53
2459950010,305755.22
4435000520,275025.03
1552800010,445584.88
7549800543,376791.0
9828200460,393011.2
6345000160,796834.3
7129304105,441608.03
4302201005,340808.12
2450500110,486852.47
5166700050,534349.9
1085623710,616615.3
1123049129,525950.1
8566100200,1.04800175e+06
1774000780,441337.88
9492500170,714405.3
686530530,506167.2
4022907770,717377.75
6052400975,351991.6
3438502501,452792.78
3758900023,1.2920058e+06
1645000580,309248.44
8099200030,327096.4
7635801371,475182.72
3456000310,800138.8
2025059150,920439.8
2624039114,436827.25
3348401095,433542.44
6633900170,427728.2
2600000510,900872.06
9414700020,417372.56
3204800520,308828.38
1844500025,293762.5
4137010590,608279.94
8564950280,443939.7
1338800491,441993.03
4058801702,1.448211e+06
461004720,475605.06
3123059107,886656.8
6819100380,534698.94
1193000390,822341.25
3450300270,362191.97
3110800040,335521.88
1437910090,494073.16
3645500050,370580.94
4338800600,299877.4
2114700530,511494.28
6381500450,357033.62
9206950200,428871.0
4232900940,577817.4
1025049174,751242.44
7774200070,555239.44
1231000310,570147.8
8155870200,476237.44
7935000625,1.0158542e+06
2426049079,266088.66
4037500230,425671.5
2331550120,428444.88
7974200765,371623.34
686200510,491520.66
4024100670,401394.34
3834500195,460339.53
3526059115,489838.2
7950304075,334516.72
1386800054,459626.0
9834200165,647109.9
6147650300,398006.72
6891800360,634449.0
9170500060,539305.25
65000260,788895.4
7784400130,449814.38
7941140070,316876.28
2122049096,264279.47
6003000851,281725.6
7203220050,979096.6
8898700960,327525.8
5245600105,237947.08
3530470190,363078.7
7883603965,352506.78
4022902505,542874.6
3211100240,374392.22
5119010090,626470.7
3821000100,389082.16
7301300050,390623.2
2171400197,415428.44
9471201175,1.2448795e+06
2473450200,593154.75
2258500045,490434.03
1139000400,405068.97
3298701025,263620.12
1498302774,348394.66
9276200190,526847.7
2909300240,493993.7
1250200693,545903.9
3101500010,409742.8
2557000630,427330.84
1324300091,350470.78
2826049260,371032.0
3342100421,769666.0
3524049083,727836.3
9103000393,1.0384213e+06
3121059033,290343.78
7853240200,638562.25
7950700120,333500.22
1822059057,188846.17
1219000473,346183.56
9272201385,666062.7
1336800185,1.0261412e+06
9268851630,451610.03
2788400315,325093.56
3529000930,399302.03
5631500967,520698.84
2188201010,407346.78
8562970040,1.3322172e+06
4415600030,350769.34
2473251170,350915.66
7511200020,521041.12
1163400020,350322.7
5412400180,308017.53
255450400,420020.88
1687000210,458401.72
6749700004,373683.12
2738650030,709779.06
9136100420,704128.44
1924069115,867371.6
714000155,395297.03
904000045,460149.88
3395070640,299499.8
6308000010,554388.94
2695600130,439256.44
3626039279,339884.06
1623089039,253796.05
3438501327,392698.56
8118600025,347738.7
7625703435,797066.1
1807900300,428507.44
1862900360,329805.4
2768100186,445315.9
2524059269,863333.6
1126059108,935964.06
7856610130,692496.9
7203000200,356170.06
3630120700,701008.44
1612500090,315803.97
3586500620,829454.25
5207200360,442108.88
6675500035,425088.16
1781500385,322903.94
1150900080,814609.7
9541600355,892162.6
7525530670,764081.25
844000375,437789.5
9578140180,425450.72
9558041130,455440.56
1788800910,215077.6
9550200225,418282.88
8643200055,404357.72
6143000020,431520.28
8941100095,1.0940145e+06
3630010020,429024.75
2895800610,422024.78
822039084,993048.1
5423600080,406343.75
3992700775,368700.56
3816700150,451294.03
4083302485,675568.06
5127000810,415150.84
1725059182,985622.6
9485930120,511229.38
293850040,654976.4
8731981940,542928.75
3330501545,327092.3
1026069061,734633.1
8121200710,412275.47
3764390100,427591.47
9493200010,282634.6
2902201301,627002.06
3444120130,481401.4
5256500025,580612.7
4022902715,694916.5
871001500,665855.7
2329700440,262736.7
1773100275,254007.14
7852160070,1.483027e+06
2141330560,463353.8
2505500009,469583.3
8647800150,442459.94
4337000200,304985.66
9264901680,379589.72
1773101050,375488.2
9320990120,352412.06
8856960280,337297.72
5589300585,304144.78
7935000595,813383.0
7203150080,446801.56
5616000030,339364.75
825059178,3.1967108e+06
6666830390,617820.44
8732900840,487041.22
2095800520,471923.8
1771000760,283488.4
1901600090,482052.97
8857600680,342026.5
4038700830,528503.1
8956200070,529327.0
8081500050,1.9114648e+06
567000755,385858.97
424069264,634855.5
1564000410,796197.06
2817100910,406564.7
3303960080,978227.6
3340401535,224093.52
1622059095,422958.7
3278601940,478117.47
7202380120,374770.1
745500010,824828.2
6608500220,296534.1
8024201055,404223.22
8929000140,421513.5
859000160,455110.38
8673400061,408370.22
1269200229,2.0905501e+06
6705850300,782435.6
3395040550,328884.3
1697000370,340511.0
5245600120,277298.53
8892900180,336188.8
1794500360,711691.6
2025049192,412940.56
1930301325,910954.1
4217402162,1.1328308e+06
8126300410,537320.8
3345700215,639828.75
2887701420,466245.8
2887701251,416728.47
4036100175,625188.94
6762700515,926658.4
3192000085,201612.33
226059096,1.2423151e+06
9238900855,496440.38
6706200130,395155.88
2744000010,307314.78
7202271060,459121.2
7923200150,446067.34
162500030,323171.47
2571910210,411458.62
1523059105,463580.56
6052401215,364215.94
6626100260,713003.4
8925100115,1.034513e+06
5459500165,817645.2
7686202635,231056.7
1118001370,1.062371e+06
122029066,398355.53
8039900130,362748.78
3262300235,710828.75
8860500300,436831.72
8956000250,442408.28
1646501920,473262.7
9284801500,497441.94
1442880380,443769.3
1311500020,411438.03
254000695,374485.2
9477101280,361679.94
9510970530,627153.0
6891800500,724554.7
9407000230,329016.53
7202340590,490906.47
8151600590,383587.16
9407001600,322968.6
1771000690,274875.16
1525069134,1.0080272e+06
8645540040,381870.72
9414500200,416574.1
7883607645,228743.1
3845100140,441462.72
2726049164,308805.44
4340610040,275832.62
1245003006,934352.3
1105000373,345042.8
6083000123,222828.11
1777600450,623336.75
9558000100,628379.5
2473002060,476520.56
943100689,311122.2
7544800395,430801.72
1931300090,547132.0
7936000252,505011.6
7987400316,232223.16
5152700060,1.2234458e+06
1721801025,319753.38
3438501450,288436.78
9222400510,229241.84
1796700160,305191.62
323059208,430632.3
3392100050,216472.23
4038500210,462292.22
6324000090,384914.3
7549802535,456803.78
3343900326,856433.06
5701700640,827172.0
5249803185,451154.16
8838900032,601148.8
1237500577,923896.8
8642600090,551525.44
3303100075,399354.38
2133020020,361598.78
7950302890,480460.53
2770601734,527861.3
2538410140,498800.6
8159600360,632276.8
917000300,404386.9
2391600330,245522.25
9285800585,627215.56
2005950050,318006.72
6450301835,360100.66
2473480520,446392.66
2818600010,1.1482535e+06
952006728,282942.2
3422049088,377415.53
3629870420,1.1495741e+06
1079350090,337842.78
1509500060,550642.7
4039000050,400876.1
5288200230,693972.6
626400020,813821.4
5457300095,1.0700554e+06
5000500055,292015.03
324000530,483384.44
6713100031,439796.88
3316500200,397240.03
3124059006,1.6636276e+06
1125079111,1.485625e+06
7852020300,384306.3
123039364,258191.83
7883603190,360498.94
9828700900,499272.28
6821100015,614315.7
9522100375,626573.2
2420069201,374192.22
7504110330,831087.75
475000510,520440.78
2425059074,788431.94
7518503685,452608.2
5466400550,344717.94
7852150720,394387.2
3066400140,731771.9
3298400470,391211.03
2902200874,519236.75
9500900110,294961.56
8835200160,453418.4
6056100295,301358.53
1858600042,465937.94
7224500010,439383.47
5457801925,589965.9
7575620750,413551.4
2391600735,410081.25
6192400180,818440.25
5249803870,648343.06
3575302880,310816.4
7225000045,270468.44
5561720180,383364.75
1972200428,422306.88
892000025,240691.5
2944510080,422802.94
2428100100,705609.7
6647400250,387863.12
121059038,425223.12
6398000191,613563.9
526059103,232739.22
8856960720,309787.3
3832500260,391077.84
1623089025,399605.2
3625710080,1.1937804e+06
6446200060,725650.8
5706200370,440027.25
5515600088,280789.84
8029500360,590332.4
6700390150,341626.88
642500080,638712.7
6150700264,325579.7
2473371780,499006.66
3905120540,457252.28
2652501215,656811.9
3176100110,475102.88
7574910650,787750.7
6385800030,424979.62
4443800960,468492.56
8731951490,429220.8
3380900125,312715.75
9828701508,561107.56
6699950310,433511.75
3321049112,500267.22
1824079052,936787.9
8032700140,818038.06
8679600150,327526.62
5040800120,872619.8
2026059119,385353.2
4024100951,452012.75
7212650990,392448.53
936000060,388830.6
6181500340,476034.88
1137400050,454399.0
3324079092,403523.47
4268200055,304978.3
6145602240,427668.5
475000176,416167.16
3279000120,386947.03
9392200030,382094.66
3438500714,365598.34
4306500070,457656.25
8588000610,259593.5
792500190,438849.3
2461900850,449006.16
2660500365,308999.72
5451210100,766497.5
2787000040,417089.16
3278602670,281158.75
9528100899,654945.44
1324079085,297870.6
9477001140,308289.97
9521100880,656028.56
7853210060,384169.16
1326069094,452940.47
3420069065,603204.3
5468730280,288599.28
5437600140,551403.1
5127000410,436849.75
5445300050,525481.3
3375300360,311496.4
9297800165,669376.0
6021500840,580934.6
4323700230,363660.4
643000110,402509.0
8043700105,2.7412242e+06
6824100014,483975.56
9542830480,389722.8
736100065,807335.94
2592210510,941973.0
4233600260,1.5710428e+06
1266200015,438603.72
2787700060,394408.88
8843900396,271275.75
8029500380,518594.56
5292200010,507113.97
1773100980,368790.53
2886200070,532900.2
8594400110,448781.16
9268850180,334359.56
4141800285,1.0779441e+06
3188100007,398737.1
1796380960,359205.66
7202330030,361930.94
8078440140,427671.34
7983200060,298344.5
4427100025,396418.4
2113700510,340222.3
6446200305,605021.25
3425079088,545540.4
3304040130,511325.66
3222069153,367093.5
5127000470,433802.62
7525100520,436663.66
1868902745,899834.94
2920700220,344721.97
1105000780,465453.47
8563080020,895883.5
3630090110,916020.44
856000195,2.1092052e+06
8649401000,240142.23
1315300095,870268.56
6802200670,285469.84
1523069022,297134.0
2624049165,439727.34
1972202080,509407.47
7211340030,205232.72
8850000180,529501.1
2787250080,513428.56
4235401055,482293.97
5226500250,491447.8
3294700421,483179.66
322069180,650237.2
1025059186,361904.22
1923039022,581923.4
1402600110,443366.4
6817810190,331696.4
434000030,451365.47
6056110460,621527.9
4337000285,284307.12
5710610250,638802.2
1049010620,366912.88
5112800234,334705.8
2309000060,727255.94
2985800030,263049.2
1604601570,429374.03
1563102435,881007.8
257000105,279757.5
6788201440,684511.3
1442300005,406393.84
4055700784,697225.2
3889100029,645994.0
4139450760,1.3373485e+06
6079500230,425186.7
259601010,316424.75
3980300020,278356.97
9390700100,475034.56
7200001005,288857.0
9264920250,364298.8
8682260470,466297.78
4083303815,772106.25
7383450250,456558.1
253600180,407884.16
1450000210,224140.45
1133000100,363002.97
7511000050,1.078765e+06
5710600030,622690.44
4178300310,795130.8
3041700570,308679.1
1238500978,294548.28
431500155,475391.6
2937300050,955290.44
1352300315,325333.53
3277800823,451684.53
8895800110,936491.56
9274200318,549131.25
1118001805,1.7798868e+06
629810720,769406.6
6852700476,583580.56
7345200650,353655.4
8929000290,469456.06
5506500170,639440.5
8899000140,325873.94
4006000423,307980.38
7137910140,318533.62
2423020010,318188.28
40000362,197212.81
1657000070,289698.3
2124700015,253639.05
1887500045,493429.53
6838000170,328534.56
1310910290,466639.12
3599600276,252601.45
8142000080,356919.5
8856971000,343089.53
624100950,886854.7
2767704332,426125.3
405100165,356073.6
6117501755,484156.0
8961950410,481549.6
1523550480,477373.97
6840701160,753643.2
3331500650,255931.83
1862400517,331423.84
9558021000,513233.97
1310800090,302012.47
5104511040,406176.84
522059189,299273.2
3448720020,340492.8
1310700330,450455.12
5649600462,330559.75
1853000510,1.0404413e+06
8128700005,288288.84
6352600210,764646.8
3754500010,803626.8
1962200475,765237.3
1773100765,286601.16
8895800200,815806.7
1310900260,591317.9
809001525,878387.56
2624049103,421369.78
9191200380,636508.0
6600060120,443653.2
8150100045,221655.9
9558010190,463834.03
4038700930,449710.5
2883200775,538562.06
4036800910,318343.5
8673400177,510350.38
7110000068,905951.1
3279000240,338432.8
9545230280,454302.62
8815400105,534580.0
6738700075,1.0056893e+06
8732030490,504426.5
9532000070,471982.72
7752400075,329962.7
3824100051,401759.7
2768000270,507439.9
108000127,563390.9
844000225,329231.7
6817850040,1.1264664e+06
4447300137,1.2713685e+06
8598900125,338086.5
5072410070,813773.5
7129300520,362410.34
3830210020,235995.23
4137040250,421298.56
3022079080,730698.1
722039087,253718.77
3924500040,682777.2
2473381090,476430.0
2201500490,236168.48
9265410090,290269.47
9286750100,450014.06
2023700040,524491.6
324000280,622366.6
3814800280,534851.6
7697100030,416256.44
8731900790,568442.5
8044700010,458927.56
6123600100,244886.45
1450100390,212670.52
579000550,473998.06
2459000020,564322.4
5016000315,418393.66
1193000190,724375.9
4038700730,395520.84
1556200265,835255.25
6600410170,248933.73
642800130,738741.2
1043000100,471499.1
7809200055,305986.88
7010700308,1.1763109e+06
8680500090,511054.75
2719100355,650848.6
7905200147,506091.75
271200130,327993.25
326049103,476455.0
8682211030,462042.4
1070000390,978247.5
8648700450,601978.94
2695600410,500025.94
8562710640,1.2307516e+06
1525200060,512006.47
1822039138,799927.94
2767601375,443821.62
3425069117,1.8931149e+06
952004570,344879.78
7625702616,307868.53
9818700430,524572.9
2822059091,447094.4
1775900220,287958.62
6371000079,753469.7
293760150,1.0411154e+06
1336800880,1.063638e+06
2771600550,1.2819832e+06
3905040040,417503.78
7787110060,437749.1
7708250040,436515.8
4022901316,467195.1
191100235,936947.75
7852050220,352166.28
3293700480,471243.47
2597450620,1.5745782e+06
6169900580,1.4243578e+06
2767602855,787565.44
810000080,783133.2
6392000625,438358.03
1865810290,225555.56
1568100380,326387.72
5249804760,382114.4
1337801060,647924.44
6181410950,405035.22
9264900660,552218.56
9122001231,570394.1
4427100030,356029.6
7334400070,315356.06
425079001,627493.5
7436500360,370308.38
1245001295,566020.75
1310500550,522538.2
4047200950,256890.22
9103000455,789073.25
2291400341,341625.4
3876100310,314498.8
7131300031,450104.22
7853380510,806359.1
7409700215,658831.9
5248800250,414230.1
126039323,465926.44
6632300207,448745.78
3826501060,382452.38
8024202520,401264.03
3343901401,687180.2
6431000005,629104.25
9232900075,312150.53
3056700150,293641.7
5104511250,521951.12
3658700510,636454.9
2895110062,505256.0
7454000990,273987.8
4038700680,519838.8
7811220070,677543.94
8091670030,448458.25
3438503045,244372.73
6388900710,462067.22
7956300020,186557.03
1775930440,457329.16
1762600190,765779.44
6600400260,289748.47
8728550150,554409.8
8155500110,547565.6
9169600135,441389.25
1777600490,601121.3
125059179,568723.56
7558700030,5.593535e+06
1702900624,374301.47
3343901403,480159.94
5101400994,283647.8
5547500050,363747.78
1705400350,462369.7
629810800,1.0658949e+06
4104900150,524840.8
7888000390,270133.25
4140900270,436425.56
6649900030,429574.44
820000012,514731.16
6151800080,432106.44
7454001060,200319.94
8682262330,447851.75
1566100010,279663.22
1180500070,497868.06
1112630130,692233.44
3101500090,509215.38
8682310220,694918.94
4032500035,434058.75
1623800440,535674.6
1088400190,213785.44
751000080,340668.12
6675500070,312609.62
2193340140,374788.62
522049074,378707.97
3204500340,402885.97
5104200470,424550.4
7517500611,746381.94
2946002140,393976.94
7631800110,1.1825942e+06
3529300330,566984.6
3885801970,614168.0
5456000570,1.0625906e+06
4123810090,493442.6
4037000635,323342.66
8079030350,485360.28
1726069060,682878.25
6858700225,378552.03
3356406510,245987.48
5423030040,484297.38
3111300040,480954.72
259800060,338604.12
1972202320,348358.9
5100403818,350463.56
1422700040,342593.25
3625049014,1.8130388e+06
7852011040,582008.94
1201500010,553168.3
7195800009,375114.2
9407001320,288503.1
9508850100,544232.56
1328340380,320782.72
3885804305,909471.06
7128300630,717864.3
7574000080,487355.53
3744000150,620935.6
2607720150,825006.8
7203190110,455729.8
3904902430,663359.8
11501160,753699.75
9209900315,355959.62
9465910030,579273.3
3622069103,718943.2
3288301010,512636.78
4395600060,684417.94
7694200380,450290.44
9552700550,524689.6
9264921110,385628.47
6738700225,942627.0
293620220,859881.9
7525300310,598016.25
3992700036,463212.53
3577300040,498101.38
3812400202,194500.9
2402100055,654328.9
1853080790,674552.06
1994200260,758418.75
1339300025,712778.2
7616200050,343444.53
4022902555,672669.06
9528102110,587391.7
6613001241,1.6493305e+06
3205400240,288019.88
6065300840,1.9806638e+06
7852040080,506674.16
1920079039,329002.34
2817910030,600845.0
1563102880,836406.5
8561200110,391499.6
629000605,910160.94
2781270440,294773.75
6152900273,343193.78
3303950130,442838.5
6411600113,238940.88
4055700167,836802.1
291310310,684490.5
9523100550,932716.3
724069070,1.2649116e+06
2408800120,390699.0
7559600200,472954.7
8165500790,466469.34
7856620870,827434.7
1588600040,270404.0
1023059246,484624.3
1938000140,813737.44
6061400160,410131.5
4167300350,375871.28
8649400790,188457.61
173000036,413727.66
225039049,550640.56
8043700300,2.7733738e+06
3834000400,347939.1
4054530260,1.8947824e+06
8724300010,1.167783e+06
9358002232,440625.16
3298700012,246665.89
1125059071,879760.3
3885805300,249441.72
5315100784,878946.8
3861400030,483112.5
7202340010,465219.7
7272001805,433329.9
2781250230,368043.56
1042700300,777419.9
123039279,218360.05
3760500336,1.1215782e+06
6979940100,838638.25
686300880,495431.53
5214500690,421118.1
6021502250,699751.44
1320069223,324852.84
2871000300,678190.1
2724069117,314552.84
1159400220,634881.3
2571900380,417394.5
5528600050,324378.8
7686202730,216001.5
2225059118,807819.8
2558630350,389611.22
3655400060,400170.75
9558200080,337380.47
1796100015,780389.1
3378900020,410120.56
5416500040,349019.12
8856004582,277413.47
3812400107,513696.94
6126601445,498409.0
2997800021,413390.62
1211000280,336289.38
766800090,322071.78
3224079005,283305.34
619000100,415563.03
4319200620,324373.03
626059335,499473.88
3340401570,364967.5
7015200800,524133.47
8106300510,666566.5
1446110020,985066.8
2872900280,586598.06
8965500320,793922.75
7853300070,411439.78
5652601455,556694.7
7579200915,999885.6
2641400160,427822.06
203900460,312243.25
2998800040,572620.7
7519000170,498175.06
923000425,763125.94
2973800030,285448.84
6430500182,1.122896e+06
7304301010,304664.9
3861470110,2.0036566e+06
2296500136,1.0710755e+06
6790950150,887921.4
8123100045,511849.78
3142600130,632146.25
7137970130,475581.06
8656800190,321128.38
7135300046,425306.1
3629960680,392813.22
1133000385,820133.0
1085621960,382981.56
9542802000,362643.8
8151600973,600364.1
7019000050,428548.0
6021501920,610385.6
7399300420,300498.03
7548300731,671610.75
5316100220,598555.06
5152600090,544090.75
1703400470,475137.38
7316400070,538692.9
5561300380,542083.06
2215450100,383509.03
8635750330,518902.53
9492500140,733959.9
5315100393,542646.75
8588000315,288683.9
7524200180,304132.66
4235400255,335931.44
326069131,569394.7
4077800026,932794.8
9477000120,306594.0
5608000590,976869.0
4137050130,462951.7
5249801440,450588.53
9264901510,458516.22
5437820250,239706.12
200500410,462909.9
9407111100,288007.1
126039252,330231.9
6141100255,346677.0
3013300830,524954.44
3271300955,778742.2
3021059276,423687.4
9542000050,700262.4
2769600035,734699.56
3824100364,504376.7
1726069202,290914.9
7327500270,295807.3
1189000207,375022.25
2472950160,277785.06
9558040050,760852.44
3438503120,320257.9
9407150240,284445.34
1370804295,506948.75
5700001100,748827.9
6837820030,594099.8
5411600210,884628.4
5061300030,322115.6
525069133,1.02377406e+06
2121000250,272996.03
3179100720,459624.78
2780700050,416655.97
1545805820,350792.84
5702380630,282079.88
9211010260,577605.7
7129300595,423432.53
6802200100,304882.8
3304030140,531928.8
2623039019,1.0824261e+06
104500730,279310.6
2924069132,532000.4
1775500310,657390.6
8114000040,322815.4
2011400021,587144.8
7525570020,503592.12
2917200615,389733.94
7697000170,358660.5
7871500070,761331.0
7215722010,407822.0
6300000378,556664.75
7159200005,2.231558e+06
8946410040,432138.66
3893100327,256265.86
635000009,1.1296104e+06
2322069116,540798.94
2760200050,496423.28
3432500210,291038.34
5700000245,719474.3
7588700177,246782.25
9178600135,628462.0
9830200475,407230.56
8562780160,333508.75
9826701665,627184.75
7504010900,761077.75
2770606915,338646.7
1254200075,563362.0
2473450430,571756.9
1433290010,368900.25
7586200061,427741.0
6841700070,625443.4
9826701320,396237.97
8943600720,420043.1
6791900260,589458.1
2301400640,724407.0
7979900210,310735.8
4037200665,290155.03
984000650,418511.72
2937300060,787555.25
8731982190,422139.9
1445200190,333752.6
952003285,813186.7
1402970020,571466.2
2487700274,471144.06
8113101670,393192.1
8682300400,577157.9
809002435,613718.7
4045900147,594019.6
2991000400,389287.25
9456200405,219674.08
5104510370,343028.75
9414610240,513378.22
2111010760,549409.7
1854900430,512819.97
2624300080,785579.4
3645100280,485720.97
1433100010,306770.88
9533600100,532939.75
6743700030,365041.47
9294300070,665502.44
2114700540,345758.94
7853280550,793413.6
868000175,511025.97
1446401290,331024.5
9109000050,286874.0
8856004327,334720.0
2329800110,313582.03
3031200230,383516.56
7582700075,967024.6
2422049104,233350.5
9274202885,462433.9
1770000090,329159.34
9500900430,325924.56
7305900082,309606.16
3336000170,591018.3
5680000455,742498.75
9808630210,904643.56
8807810110,288202.44
3824100211,433159.84
3423059153,717481.5
3937900120,410339.16
524059323,652199.5
4305600250,497585.8
1257201375,409258.6
853600150,1.283421e+06
2424059174,1.8467695e+06
5205000400,426947.25
2658000115,279147.16
3055800020,312511.1
357000025,597724.6
5666300010,397571.4
4167700210,431311.3
9187200275,588462.3
2960900040,573143.8
1021049022,325568.62
7750500120,271417.78
7153200160,1.1737919e+06
4406000390,257757.75
629800380,1.4777265e+06
2026049125,346393.3
6117502230,3.132554e+06
3379100130,333530.5
2472920140,555942.6
7214720075,578897.44
1771110070,278917.2
5127001600,326421.9
6666860210,464980.53
5467200055,543438.75
7819000040,319175.72
3790700070,426354.7
6362900138,347274.4
597000593,456550.62
8032700070,530926.94
9301300215,1.1116212e+06
8902500118,441528.6
6607000095,379076.47
2163900081,717587.9
7732500270,654353.1
3856903515,549499.5
2557000400,456210.25
4386700135,1.3606339e+06
7399000360,417920.84
